"data_origem";"data_destino";"origem";"destino_observado";"Baixa";"Moderada";"Alta"
1999-04-01;1999-05-01;"Moderada";"Baixa";0,117583775178405;0,494205784409431;0,388210440412164
1999-05-01;1999-06-01;"Baixa";"Baixa";0,421526664486211;0,416341206780621;0,162132128733168
1999-06-01;1999-07-01;"Baixa";"Alta";0,556629540029437;0,372825453831454;0,0705450061391096
1999-07-01;1999-08-01;"Alta";"Moderada";0,139257952694762;0,186050611390201;0,674691435915038
1999-08-01;1999-09-01;"Moderada";"Baixa";0,14101010308351;0,546448006938762;0,312541889977728
1999-09-01;1999-10-01;"Baixa";"Alta";0,419174998001394;0,396296573980472;0,184528428018134
1999-10-01;1999-11-01;"Alta";"Alta";0,116717580770735;0,165040351863241;0,718242067366024
1999-11-01;1999-12-01;"Alta";"Moderada";0,153173996301028;0,229125663430994;0,617700340267978
1999-12-01;2000-01-01;"Moderada";"Alta";0,112370471303215;0,562077767618893;0,325551761077892
2000-01-01;2000-02-01;"Alta";"Baixa";0,205272858832881;0,331755485374659;0,46297165579246
2000-02-01;2000-03-01;"Baixa";"Baixa";0,620540669100636;0,336552083395124;0,0429072475042396
2000-03-01;2000-04-01;"Baixa";"Moderada";0,529217984142997;0,378391502445811;0,0923905134111919
2000-04-01;2000-05-01;"Moderada";"Baixa";0,29435063226956;0,462268447394227;0,243380920336213
2000-05-01;2000-06-01;"Baixa";"Baixa";0,717252082300368;0,268304178481378;0,014443739218254
2000-06-01;2000-07-01;"Baixa";"Alta";0,518442159455198;0,381109483069423;0,100448357475378
2000-07-01;2000-08-01;"Alta";"Alta";0,0629829647464723;0,0857104891354183;0,851306546118109
2000-08-01;2000-09-01;"Alta";"Baixa";0,0930710844584143;0,141442901625367;0,765486013916218
2000-09-01;2000-10-01;"Baixa";"Baixa";0,52052231207689;0,378107348303836;0,101370339619275
2000-10-01;2000-11-01;"Baixa";"Baixa";0,614200784220942;0,338424181471186;0,0473750343078715
2000-11-01;2000-12-01;"Baixa";"Moderada";0,408273194590154;0,390977154478843;0,200749650931003
2000-12-01;2001-01-01;"Moderada";"Moderada";0,121433056442313;0,564489485025439;0,314077458532248
2001-01-01;2001-02-01;"Moderada";"Moderada";0,136996651853199;0,558520216414686;0,304483131732114
2001-02-01;2001-03-01;"Moderada";"Moderada";0,247741183191413;0,497236840266421;0,255021976542167
2001-03-01;2001-04-01;"Moderada";"Moderada";0,358131087475331;0,429881487163958;0,211987425360711
2001-04-01;2001-05-01;"Moderada";"Moderada";0,129379585183191;0,562473407633209;0,3081470071836
2001-05-01;2001-06-01;"Moderada";"Moderada";0,312279674882234;0,456183444115469;0,231536881002297
2001-06-01;2001-07-01;"Moderada";"Alta";0,179593295161946;0,5329049739826;0,287501730855454
2001-07-01;2001-08-01;"Alta";"Alta";0,0954876781069423;0,134650052385468;0,769862269507589
2001-08-01;2001-09-01;"Alta";"Baixa";0,192948469645027;0,306043371080172;0,501008159274801
2001-09-01;2001-10-01;"Baixa";"Alta";0,45801031899344;0,393730031395079;0,148259649611481
2001-10-01;2001-11-01;"Alta";"Alta";0,172322584084362;0,265123549249147;0,562553866666492
2001-11-01;2001-12-01;"Alta";"Alta";0,191382223502824;0,302848283747481;0,505769492749695
2001-12-01;2002-01-01;"Alta";"Moderada";0,20069889249856;0,32208997226813;0,477211135233309
2002-01-01;2002-02-01;"Moderada";"Moderada";0,176759414247171;0,528771926369203;0,294468659383625
2002-02-01;2002-03-01;"Moderada";"Moderada";0,381560770241015;0,408256223308309;0,210183006450676
2002-03-01;2002-04-01;"Moderada";"Alta";0,112589468545106;0,562665356700584;0,32474517475431
2002-04-01;2002-05-01;"Alta";"Baixa";0,174626727649961;0,276043269504391;0,549330002845648
2002-05-01;2002-06-01;"Baixa";"Moderada";0,540825143843129;0,373881651976398;0,0852932041804734
2002-06-01;2002-07-01;"Moderada";"Alta";0,29435063226956;0,462268447394227;0,243380920336213
2002-07-01;2002-08-01;"Alta";"Alta";0,115021112601735;0,16593477642821;0,719044110970054
2002-08-01;2002-09-01;"Alta";"Alta";0,195146088792506;0,32598983100368;0,478864080203814
2002-09-01;2002-10-01;"Alta";"Alta";0,184533017620852;0,303243471753553;0,512223510625595
2002-10-01;2002-11-01;"Alta";"Alta";0,0973139734570764;0,139259114207909;0,763426912335015
2002-11-01;2002-12-01;"Alta";"Alta";0,00681124511841222;0,00578816440442713;0,987400590477161
2002-12-01;2003-01-01;"Alta";"Alta";0,0335455089180544;0,0339784530835212;0,932476037998424
2003-01-01;2003-02-01;"Alta";"Alta";0,0287339873720867;0,0249148012276443;0,946351211400269
2003-02-01;2003-03-01;"Alta";"Alta";0,0848417621276473;0,0845662821780943;0,830591955694258
2003-03-01;2003-04-01;"Alta";"Alta";0,137933648474282;0,143041420920871;0,719024930604847
2003-04-01;2003-05-01;"Alta";"Alta";0,185181734116962;0,204108364509546;0,610709901373492
2003-05-01;2003-06-01;"Alta";"Baixa";0,253241140798802;0,303703054810316;0,443055804390882
2003-06-01;2003-07-01;"Baixa";"Baixa";0,803964426472647;0,192978901972168;0,00305667155518465
2003-07-01;2003-08-01;"Baixa";"Moderada";0,54329695289929;0,380872619853469;0,0758304272472411
2003-08-01;2003-09-01;"Moderada";"Alta";0,401840914781655;0,385680970668257;0,212478114550088
2003-09-01;2003-10-01;"Alta";"Baixa";0,196079359918736;0,270640418425988;0,533280221655276
2003-10-01;2003-11-01;"Baixa";"Moderada";0,444518205038691;0,39640192254312;0,159079872418189
2003-11-01;2003-12-01;"Moderada";"Moderada";0,413119209333466;0,388713741654595;0,198167049011938
2003-12-01;2004-01-01;"Moderada";"Alta";0,178648496926351;0,531538118900824;0,289813384172826
2004-01-01;2004-02-01;"Alta";"Alta";0,170899352490179;0,295463121889783;0,533637525620038
2004-02-01;2004-03-01;"Alta";"Moderada";0,192736351124006;0,345142361000353;0,462121287875642
2004-03-01;2004-04-01;"Moderada";"Moderada";0,233766826529727;0,502590479229612;0,263642694240661
2004-04-01;2004-05-01;"Moderada";"Moderada";0,371478220909337;0,4196623163598;0,208859462730863
2004-05-01;2004-06-01;"Moderada";"Alta";0,190503666680481;0,528664689715362;0,280831643604158
2004-06-01;2004-07-01;"Alta";"Alta";0,175764084884118;0,313681985616441;0,510553929499441
2004-07-01;2004-08-01;"Alta";"Alta";0,1463270817254;0,249184942224275;0,604487976050325
2004-08-01;2004-09-01;"Alta";"Moderada";0,178657215581707;0,320343737230093;0,5009990471882
2004-09-01;2004-10-01;"Moderada";"Moderada";0,435288407953451;0,379946751431665;0,184764840614884
2004-10-01;2004-11-01;"Moderada";"Alta";0,271457276768923;0,480860581980077;0,247682141251
2004-11-01;2004-12-01;"Alta";"Alta";0,182525305832218;0,317584853488498;0,499889840679284
2004-12-01;2005-01-01;"Alta";"Moderada";0,15934823112889;0,261137927648753;0,579513841222357
2005-01-01;2005-02-01;"Moderada";"Moderada";0,12744437583289;0,558073368301084;0,314482255866026
2005-02-01;2005-03-01;"Moderada";"Alta";0,119819935703831;0,560519334389694;0,319660729906474
2005-03-01;2005-04-01;"Alta";"Alta";0,205345678722058;0,336003081894972;0,45865123938297
2005-04-01;2005-05-01;"Alta";"Moderada";0,167105157270373;0,252156690166947;0,58073815256268
2005-05-01;2005-06-01;"Moderada";"Baixa";0,206730275230403;0,5109184968569;0,282351227912697
2005-06-01;2005-07-01;"Baixa";"Baixa";0,736137186741905;0,253011158241548;0,0108516550165472
2005-07-01;2005-08-01;"Baixa";"Baixa";0,493882351392432;0,388936467756865;0,117181180850703
2005-08-01;2005-09-01;"Baixa";"Moderada";0,581348612876003;0,358099022167625;0,0605523649563716
2005-09-01;2005-10-01;"Moderada";"Alta";0,39572583834414;0,398136140509271;0,206138021146589
2005-10-01;2005-11-01;"Alta";"Moderada";0,187695121956777;0,288401854413092;0,52390302363013
2005-11-01;2005-12-01;"Moderada";"Moderada";0,149754533868372;0,543234950850517;0,307010515281111
2005-12-01;2006-01-01;"Moderada";"Moderada";0,382551184793894;0,408578069871395;0,208870745334711
2006-01-01;2006-02-01;"Moderada";"Moderada";0,120050151572887;0,561089872976108;0,318859975451006
2006-02-01;2006-03-01;"Moderada";"Moderada";0,310483111114682;0,455198659205307;0,234318229680011
2006-03-01;2006-04-01;"Moderada";"Baixa";0,28298024984478;0,471773682782858;0,245246067372361
2006-04-01;2006-05-01;"Baixa";"Baixa";0,542990955773733;0,370933619609473;0,0860754246167932
2006-05-01;2006-06-01;"Baixa";"Baixa";0,650896080297941;0,315775343291086;0,0333285764109729
2006-06-01;2006-07-01;"Baixa";"Baixa";0,841173806077993;0,157050856059664;0,00177533786234353
2006-07-01;2006-08-01;"Baixa";"Baixa";0,565892329268903;0,360854141911068;0,0732535288200283
2006-08-01;2006-09-01;"Baixa";"Baixa";0,692374496492105;0,286378472703905;0,0212470308039896
2006-09-01;2006-10-01;"Baixa";"Moderada";0,545412379887346;0,367627682444424;0,0869599376682297
2006-10-01;2006-11-01;"Moderada";"Baixa";0,438812297598451;0,380611441011544;0,180576261390005
2006-11-01;2006-12-01;"Baixa";"Moderada";0,423665868371707;0,387056266579684;0,189277865048609
2006-12-01;2007-01-01;"Moderada";"Moderada";0,226917235980978;0,514177164427612;0,25890559959141
2007-01-01;2007-02-01;"Moderada";"Moderada";0,276431369305664;0,484399225766065;0,239169404928271
2007-02-01;2007-03-01;"Moderada";"Moderada";0,276844815712946;0,484686264665187;0,238468919621867
2007-03-01;2007-04-01;"Moderada";"Baixa";0,377739419076128;0,421760158934167;0,200500421989706
2007-04-01;2007-05-01;"Baixa";"Baixa";0,500772583856557;0,378257748782734;0,120969667360709
2007-05-01;2007-06-01;"Baixa";"Baixa";0,463788563720842;0,383556073512982;0,152655362766176
2007-06-01;2007-07-01;"Baixa";"Baixa";0,463788563720842;0,383556073512982;0,152655362766176
2007-07-01;2007-08-01;"Baixa";"Moderada";0,513451361992489;0,374429784231287;0,112118853776224
2007-08-01;2007-09-01;"Moderada";"Baixa";0,24132748668914;0,509568072090859;0,249104441220001
2007-09-01;2007-10-01;"Baixa";"Baixa";0,580501668686252;0,351046488120934;0,0684518431928145
2007-10-01;2007-11-01;"Baixa";"Moderada";0,438878842485018;0,383082304557061;0,178038852957921
2007-11-01;2007-12-01;"Moderada";"Alta";0,365685652182976;0,432659133525447;0,201655214291577
2007-12-01;2008-01-01;"Alta";"Moderada";0,149236018744671;0,319952579364998;0,530811401890331
2008-01-01;2008-02-01;"Moderada";"Moderada";0,167346044681759;0,553566940956689;0,279087014361552
2008-02-01;2008-03-01;"Moderada";"Moderada";0,218385297078408;0,523891809902943;0,257722893018649
2008-03-01;2008-04-01;"Moderada";"Moderada";0,229837971744426;0,517050184590452;0,253111843665122
2008-04-01;2008-05-01;"Moderada";"Alta";0,158362714074152;0,558618001204603;0,283019284721245
2008-05-01;2008-06-01;"Alta";"Alta";0,144919164097428;0,300982472440691;0,554098363461881
2008-06-01;2008-07-01;"Alta";"Moderada";0,151454635212203;0,31826475254702;0,530280612240776
2008-07-01;2008-08-01;"Moderada";"Baixa";0,175520707116831;0,546440587119284;0,278038705763885
2008-08-01;2008-09-01;"Baixa";"Baixa";0,463349187492713;0,38433563521484;0,152315177292447
2008-09-01;2008-10-01;"Baixa";"Moderada";0,488366773134837;0,380957203642498;0,130676023222665
2008-10-01;2008-11-01;"Moderada";"Moderada";0,262645237860211;0,491673201705246;0,245681560434543
2008-11-01;2008-12-01;"Moderada";"Baixa";0,391876371284975;0,411424755272047;0,196698873442978
2008-12-01;2009-01-01;"Baixa";"Moderada";0,462688509989707;0,385505955337492;0,151805534672801
2009-01-01;2009-02-01;"Moderada";"Moderada";0,226186328609299;0,513446558273396;0,260367113117305
2009-02-01;2009-03-01;"Moderada";"Baixa";0,156693710254617;0,55573063934317;0,287575650402213
2009-03-01;2009-04-01;"Baixa";"Moderada";0,557960744699436;0,361468552138996;0,0805707031615684
2009-04-01;2009-05-01;"Moderada";"Moderada";0,229837971744426;0,517050184590452;0,253111843665122
2009-05-01;2009-06-01;"Moderada";"Moderada";0,243211771787519;0,51123552059418;0,245552707618302
2009-06-01;2009-07-01;"Moderada";"Baixa";0,398647908330696;0,413281210730858;0,188070880938445
2009-07-01;2009-08-01;"Baixa";"Baixa";0,516181554945654;0,370305151008753;0,113513294045593
2009-08-01;2009-09-01;"Baixa";"Baixa";0,6135873739476;0,332901322004858;0,0535113040475417
2009-09-01;2009-10-01;"Baixa";"Baixa";0,516675217162649;0,36955704269327;0,113767740144082
2009-10-01;2009-11-01;"Baixa";"Moderada";0,467056174674741;0,37772636770574;0,155217457619519
2009-11-01;2009-12-01;"Moderada";"Moderada";0,325623974184166;0,462975743232366;0,211400282583469
2009-12-01;2010-01-01;"Moderada";"Alta";0,385825041304885;0,424231674972284;0,189943283722831
2010-01-01;2010-02-01;"Alta";"Alta";0,137339741187716;0,32472819710997;0,537932061702314
2010-02-01;2010-03-01;"Alta";"Moderada";0,13374131328729;0,314003874301396;0,552254812411314
2010-03-01;2010-04-01;"Moderada";"Moderada";0,189673477766616;0,546800282594062;0,263526239639322
2010-04-01;2010-05-01;"Moderada";"Moderada";0,144121078587105;0,57290961058947;0,282969310823424
2010-05-01;2010-06-01;"Moderada";"Baixa";0,2961484838256;0,480110677442582;0,223740838731818
2010-06-01;2010-07-01;"Baixa";"Baixa";0,733988980315686;0,252364073599844;0,01364694608447
2010-07-01;2010-08-01;"Baixa";"Baixa";0,72637301667305;0,258686582746108;0,0149404005808415
2010-08-01;2010-09-01;"Baixa";"Moderada";0,704404952008982;0,275891467870752;0,019703580120265
2010-09-01;2010-10-01;"Moderada";"Alta";0,267461375935457;0,495297923485038;0,237240700579504
2010-10-01;2010-11-01;"Alta";"Alta";0,145777526473243;0,318119584714633;0,536102888812123
2010-11-01;2010-12-01;"Alta";"Alta";0,135582966735033;0,290375532778929;0,574041500486038
2010-12-01;2011-01-01;"Alta";"Alta";0,160731867132385;0,36076071078821;0,478507422079406
2011-01-01;2011-02-01;"Alta";"Alta";0,135582966735033;0,290375532778929;0,574041500486038
2011-02-01;2011-03-01;"Alta";"Alta";0,141498332361429;0,299126283700007;0,559375383938564
2011-03-01;2011-04-01;"Alta";"Alta";0,142792296405496;0,302570198247423;0,554637505347082
2011-04-01;2011-05-01;"Alta";"Moderada";0,14753951138945;0,307864747097333;0,544595741513217
2011-05-01;2011-06-01;"Moderada";"Baixa";0,240573064548449;0,508892458563776;0,250534476887775
2011-06-01;2011-07-01;"Baixa";"Baixa";0,609889761427493;0,337363173335895;0,0527470652366125
2011-07-01;2011-08-01;"Baixa";"Moderada";0,599861026803056;0,342672907637197;0,0574660655597471
2011-08-01;2011-09-01;"Moderada";"Moderada";0,378696746227616;0,4220668295584;0,199236424213984
2011-09-01;2011-10-01;"Moderada";"Moderada";0,175823314493745;0,546889083347078;0,277287602159177
2011-10-01;2011-11-01;"Moderada";"Moderada";0,291921467478798;0,477546716488592;0,230531816032609
2011-11-01;2011-12-01;"Moderada";"Moderada";0,186208911395486;0,542166102263084;0,27162498634143
2011-12-01;2012-01-01;"Moderada";"Moderada";0,207688723192217;0,530819205896348;0,261492070911434
2012-01-01;2012-02-01;"Moderada";"Moderada";0,150040550954821;0,563879282986701;0,286080166058478
2012-02-01;2012-03-01;"Moderada";"Baixa";0,26786175694013;0,495592069313783;0,236546173746087
2012-03-01;2012-04-01;"Baixa";"Alta";0,54941188529919;0,362143438566052;0,0884446761347573
2012-04-01;2012-05-01;"Alta";"Moderada";0,154851887954922;0,360933841977211;0,484214270067867
2012-05-01;2012-06-01;"Moderada";"Baixa";0,401045288019629;0,413895400374952;0,185059311605418
2012-06-01;2012-07-01;"Baixa";"Moderada";0,675940520889672;0,295357699643514;0,0287017794668139
2012-07-01;2012-08-01;"Moderada";"Moderada";0,297833360564413;0,481102929495144;0,221063709940444
2012-08-01;2012-09-01;"Moderada";"Moderada";0,326945088424985;0,46359771737606;0,209457194198954
2012-09-01;2012-10-01;"Moderada";"Moderada";0,145396798046021;0,575379596198148;0,279223605755832
2012-10-01;2012-11-01;"Moderada";"Moderada";0,129779868294022;0,584011684194974;0,286208447511004
2012-11-01;2012-12-01;"Moderada";"Alta";0,122741814707814;0,588467178397744;0,288791006894443
2012-12-01;2013-01-01;"Alta";"Alta";0,126684768921314;0,315132844033175;0,558182387045512
2013-01-01;2013-02-01;"Alta";"Moderada";0,118608137979727;0,290239774744445;0,591152087275828
2013-02-01;2013-03-01;"Moderada";"Moderada";0,122741814707814;0,588467178397744;0,288791006894443
2013-03-01;2013-04-01;"Moderada";"Moderada";0,247723011465231;0,515111452672308;0,237165535862461
2013-04-01;2013-05-01;"Moderada";"Moderada";0,162817646972027;0,566102011994531;0,271080341033442
2013-05-01;2013-06-01;"Moderada";"Baixa";0,388180562751156;0,42490072907921;0,186918708169634
2013-06-01;2013-07-01;"Baixa";"Baixa";0,493046209617776;0,373321939982343;0,133631850399881
2013-07-01;2013-08-01;"Baixa";"Baixa";0,71476248602472;0,267071614195961;0,0181658997793187
2013-08-01;2013-09-01;"Baixa";"Moderada";0,51692173019546;0,369183201893914;0,113895067910626
2013-09-01;2013-10-01;"Moderada";"Moderada";0,416942186256679;0,403520613487612;0,179537200255709
2013-10-01;2013-11-01;"Moderada";"Moderada";0,143866039698004;0,572411948277878;0,283722012024118
2013-11-01;2013-12-01;"Moderada";"Alta";0,169378935394578;0,556764463514745;0,273856601090677
2013-12-01;2014-01-01;"Alta";"Moderada";0,12135034694009;0,262235708269617;0,616413944790293
2014-01-01;2014-02-01;"Moderada";"Alta";0,159754306411459;0,560990588022408;0,279255105566133
2014-02-01;2014-03-01;"Alta";"Alta";0,152197342591415;0,340226862348698;0,507575795059887
2014-03-01;2014-04-01;"Alta";"Alta";0,124101275614517;0,260236417605372;0,615662306780111
2014-04-01;2014-05-01;"Alta";"Moderada";0,155815456644524;0,346461761871093;0,497722781484384
2014-05-01;2014-06-01;"Moderada";"Moderada";0,254369709320802;0,502770653876069;0,242859636803128
2014-06-01;2014-07-01;"Moderada";"Baixa";0,33617414969695;0,451882023455327;0,211943826847723
2014-07-01;2014-08-01;"Baixa";"Baixa";0,725553510713046;0,259551640327031;0,0148948489599236
2014-08-01;2014-09-01;"Baixa";"Moderada";0,502469870207012;0,375604119716363;0,121926010076625
2014-09-01;2014-10-01;"Moderada";"Moderada";0,141827125167493;0,568386932380662;0,289785942451845
2014-10-01;2014-11-01;"Moderada";"Moderada";0,307453184212921;0,469952903743668;0,222593912043411
2014-11-01;2014-12-01;"Moderada";"Alta";0,196728794040917;0,536661864646045;0,266609341313038
2014-12-01;2015-01-01;"Alta";"Alta";0,14408489332931;0,306025727447659;0,549889379223031
2015-01-01;2015-02-01;"Alta";"Alta";0,0883860461559181;0,165190013275234;0,746423940568848
2015-02-01;2015-03-01;"Alta";"Alta";0,0920317604787322;0,169382313419004;0,738585926102264
2015-03-01;2015-04-01;"Alta";"Alta";0,0808510101278836;0,145356548486594;0,773792441385522
2015-04-01;2015-05-01;"Alta";"Alta";0,159971647608058;0,325230579041629;0,514797773350313
2015-05-01;2015-06-01;"Alta";"Alta";0,158269789562513;0,313174245080782;0,528555965356704
2015-06-01;2015-07-01;"Alta";"Alta";0,151454642288301;0,296196562878709;0,552348794832989
2015-07-01;2015-08-01;"Alta";"Baixa";0,176803162786611;0,352687016020533;0,470509821192855
2015-08-01;2015-09-01;"Baixa";"Moderada";0,534252072022768;0,371334681760889;0,0944132462163427
2015-09-01;2015-10-01;"Moderada";"Alta";0,163863168561511;0,547945818356316;0,288191013082173
2015-10-01;2015-11-01;"Alta";"Alta";0,151718074995753;0,283053429855915;0,565228495148332
2015-11-01;2015-12-01;"Alta";"Alta";0,125153067691534;0,223320379902058;0,651526552406408
2015-12-01;2016-01-01;"Alta";"Alta";0,132056782621226;0,238417516656078;0,629525700722695
2016-01-01;2016-02-01;"Alta";"Alta";0,0916800786928823;0,153918482065454;0,754401439241664
2016-02-01;2016-03-01;"Alta";"Moderada";0,140447425550742;0,257157939920492;0,602394634528766
2016-03-01;2016-04-01;"Moderada";"Alta";0,288099798831458;0,475137125138388;0,236763076030154
2016-04-01;2016-05-01;"Alta";"Alta";0,180711715278806;0,354158672614075;0,46512961210712
2016-05-01;2016-06-01;"Alta";"Moderada";0,157347387034882;0,296321459944714;0,546331153020404
2016-06-01;2016-07-01;"Moderada";"Moderada";0,406688805847023;0,401125119710809;0,192186074442168
2016-07-01;2016-08-01;"Moderada";"Moderada";0,182743403241749;0,537382333373219;0,279874263385032
2016-08-01;2016-09-01;"Moderada";"Baixa";0,274775917589773;0,483238996280103;0,241985086130125
2016-09-01;2016-10-01;"Baixa";"Baixa";0,669333773010109;0,302661287407746;0,0280049395821457
2016-10-01;2016-11-01;"Baixa";"Baixa";0,487183649502233;0,382874404525956;0,129941945971811
2016-11-01;2016-12-01;"Baixa";"Baixa";0,577712009949608;0,354600752174222;0,0676872378761698
2016-12-01;2017-01-01;"Baixa";"Moderada";0,436865503813455;0,387045743420087;0,176088752766458
2017-01-01;2017-02-01;"Moderada";"Moderada";0,360974890336876;0,430955995541164;0,20806911412196
2017-02-01;2017-03-01;"Moderada";"Baixa";0,441313086368522;0,381057808370507;0,177629105260972
2017-03-01;2017-04-01;"Baixa";"Baixa";0,501258571623598;0,377498892861962;0,12124253551444
2017-04-01;2017-05-01;"Baixa";"Baixa";0,619116615225009;0,332605492281832;0,0482778924931591
2017-05-01;2017-06-01;"Baixa";"Baixa";0,425582148104351;0,38306011249667;0,191357739398979
2017-06-01;2017-07-01;"Baixa";"Baixa";0,853117858505217;0,145397601537851;0,00148453995693189
2017-07-01;2017-08-01;"Baixa";"Baixa";0,515191695174107;0,371803063410331;0,113005241415562
2017-08-01;2017-09-01;"Baixa";"Baixa";0,572494335773106;0,352247606519996;0,0752580577068985
2017-09-01;2017-10-01;"Baixa";"Moderada";0,603254208850146;0,338508024493423;0,0582377666564317
2017-10-01;2017-11-01;"Moderada";"Baixa";0,312205601425848;0,472504834243739;0,215289564330414
2017-11-01;2017-12-01;"Baixa";"Moderada";0,468134389240743;0,375789967892604;0,156075642866653
2017-12-01;2018-01-01;"Moderada";"Baixa";0,285895784500303;0,490695998046262;0,223408217453435
2018-01-01;2018-02-01;"Baixa";"Baixa";0,455514228659902;0,375940614900028;0,16854515644007
2018-02-01;2018-03-01;"Baixa";"Baixa";0,415146018034353;0,375687223534342;0,209166758431305
2018-03-01;2018-04-01;"Baixa";"Baixa";0,669708017700739;0,298630683895478;0,0316612984037836
2018-04-01;2018-05-01;"Baixa";"Moderada";0,542308316970933;0,359929600862927;0,0977620821661399
2018-05-01;2018-06-01;"Moderada";"Alta";0,344269511096266;0,455309750468381;0,200420738435353
2018-06-01;2018-07-01;"Alta";"Moderada";0,0734335024571369;0,168605193760002;0,757961303782861
2018-07-01;2018-08-01;"Moderada";"Baixa";0,45409561939571;0,38300516187067;0,16289921873362
2018-08-01;2018-09-01;"Baixa";"Moderada";0,791386338261817;0,202740855960866;0,00587280577731718
2018-09-01;2018-10-01;"Moderada";"Moderada";0,236753361947122;0,523555724254627;0,239690913798251
2018-10-01;2018-11-01;"Moderada";"Baixa";0,274246185451646;0,500132946143993;0,225620868404361
2018-11-01;2018-12-01;"Baixa";"Baixa";0,847902177842864;0,150267645551338;0,00183017660579776
2018-12-01;2019-01-01;"Baixa";"Baixa";0,616126979332501;0,329829081417225;0,0540439392502741
2019-01-01;2019-02-01;"Baixa";"Moderada";0,415498630973295;0,374888162227979;0,209613206798726
2019-02-01;2019-03-01;"Moderada";"Alta";0,301192565144112;0,483030466107919;0,215776968747968
2019-03-01;2019-04-01;"Alta";"Moderada";0,128332814654682;0,332076724264325;0,539590461080993
2019-04-01;2019-05-01;"Moderada";"Baixa";0,146417955600441;0,577333504492875;0,276248539906684
2019-05-01;2019-06-01;"Baixa";"Baixa";0,634986111465013;0,319676549804144;0,0453373387308427
2019-06-01;2019-07-01;"Baixa";"Baixa";0,730441312720763;0,254389326340717;0,0151693609385205
2019-07-01;2019-08-01;"Baixa";"Baixa";0,575481011647801;0,348332542129693;0,0761864462225061
2019-08-01;2019-09-01;"Baixa";"Baixa";0,653494628152594;0,308477142758558;0,0380282290888481
2019-09-01;2019-10-01;"Baixa";"Baixa";0,76321867985024;0,227294388535408;0,00948693161435252
2019-10-01;2019-11-01;"Baixa";"Moderada";0,662701493229788;0,302461021534108;0,0348374852361042
2019-11-01;2019-12-01;"Moderada";"Alta";0,204905537089402;0,546501745174917;0,248592717735682
2019-12-01;2020-01-01;"Alta";"Baixa";0,0805293947106311;0,201487634079241;0,717982971210128
2020-01-01;2020-02-01;"Baixa";"Baixa";0,555714550012821;0,353438054376162;0,0908473956110176
2020-02-01;2020-03-01;"Baixa";"Baixa";0,508682600947167;0,36580762613798;0,125509772914853
2020-03-01;2020-04-01;"Baixa";"Baixa";0,688761419721366;0,284563032887252;0,0266755473913814
2020-04-01;2020-05-01;"Baixa";"Baixa";0,885721442797501;0,113590563525768;0,000687993676731075
2020-05-01;2020-06-01;"Baixa";"Baixa";0,905945705993375;0,0937118874661772;0,000342406540447979
2020-06-01;2020-07-01;"Baixa";"Moderada";0,497638746064418;0,365742883325968;0,136618370609615
2020-07-01;2020-08-01;"Moderada";"Baixa";0,413795102364639;0,41677723163314;0,169427666002222
2020-08-01;2020-09-01;"Baixa";"Alta";0,523014652641383;0,359884596324038;0,117100751034579
2020-09-01;2020-10-01;"Alta";"Alta";0,122365664163414;0,389146801571318;0,488487534265268
2020-10-01;2020-11-01;"Alta";"Alta";0,100997939591975;0,305047742021195;0,59395431838683
2020-11-01;2020-12-01;"Alta";"Alta";0,0980483612257364;0,294063611283096;0,607888027491168
2020-12-01;2021-01-01;"Alta";"Baixa";0,0567226298590777;0,152729835339389;0,790547534801533
2021-01-01;2021-02-01;"Baixa";"Alta";0,511032884207429;0,362065899063531;0,12690121672904
2021-02-01;2021-03-01;"Alta";"Alta";0,100997939591975;0,305047742021195;0,59395431838683
2021-03-01;2021-04-01;"Alta";"Baixa";0,0941309097058239;0,279679562405494;0,626189527888682
2021-04-01;2021-05-01;"Baixa";"Alta";0,431927770844527;0,369578357104123;0,19849387205135
2021-05-01;2021-06-01;"Alta";"Moderada";0,106388656070527;0,314011820659087;0,579599523270386
2021-06-01;2021-07-01;"Moderada";"Alta";0,186110182924314;0,561399213563841;0,252490603511845
2021-07-01;2021-08-01;"Alta";"Alta";0,0977614254149795;0,263551023471063;0,638687551113957
2021-08-01;2021-09-01;"Alta";"Alta";0,107193115109656;0,29513936235081;0,597667522539534
2021-09-01;2021-10-01;"Alta";"Alta";0,080165137318637;0,198110909666946;0,721723953014417
2021-10-01;2021-11-01;"Alta";"Alta";0,0738204215444294;0,1716027874329;0,754576791022671
2021-11-01;2021-12-01;"Alta";"Alta";0,109925079165346;0,258148841233264;0,63192607960139
2021-12-01;2022-01-01;"Alta";"Moderada";0,135592795033774;0,335280734264545;0,529126470701681
2022-01-01;2022-02-01;"Moderada";"Alta";0,169669396054491;0,557216316605077;0,273114287340432
2022-02-01;2022-03-01;"Alta";"Alta";0,107819439952602;0,235095219037781;0,657085341009617
2022-03-01;2022-04-01;"Alta";"Alta";0,0505123660873126;0,0898920507288172;0,85959558318387
2022-04-01;2022-05-01;"Alta";"Moderada";0,109883945197147;0,214220212855689;0,675895841947164
2022-05-01;2022-06-01;"Moderada";"Alta";0,240950325045916;0,5092308817635;0,249818793190584
2022-06-01;2022-07-01;"Alta";"Baixa";0,165251260967833;0,339129530090364;0,495619208941803
2022-07-01;2022-08-01;"Baixa";"Baixa";0,95823387050711;0,041750002665429;1,61268274608176e-05
2022-08-01;2022-09-01;"Baixa";"Baixa";0,895375730138527;0,10421853500897;0,000405734852502487
2022-09-01;2022-10-01;"Baixa";"Moderada";0,872852363678934;0,126335801003914;0,0008118353171518
2022-10-01;2022-11-01;"Moderada";"Moderada";0,12397509859408;0,570615567756373;0,305409333649547
2022-11-01;2022-12-01;"Moderada";"Alta";0,31675381271489;0,458563700733051;0,224682486552059
2022-12-01;2023-01-01;"Alta";"Moderada";0,176803162786611;0,352687016020533;0,470509821192855
2023-01-01;2023-02-01;"Moderada";"Alta";0,173705279119738;0,543723863339309;0,282570857540953
2023-02-01;2023-03-01;"Alta";"Alta";0,146737701560062;0,277998569506711;0,575263728933227
2023-03-01;2023-04-01;"Alta";"Alta";0,164707361724137;0,321698763713805;0,513593874562058
2023-04-01;2023-05-01;"Alta";"Baixa";0,178118568186392;0,356144920940193;0,465736510873415
2023-05-01;2023-06-01;"Baixa";"Baixa";0,523361591485805;0,373993288963328;0,102645119550867
2023-06-01;2023-07-01;"Baixa";"Baixa";0,77887392351223;0,214837728987729;0,00628834750004119
2023-07-01;2023-08-01;"Baixa";"Baixa";0,635732524551835;0,324070485393912;0,040196990054253
2023-08-01;2023-09-01;"Baixa";"Baixa";0,523361591485805;0,373993288963328;0,102645119550867
2023-09-01;2023-10-01;"Baixa";"Baixa";0,488130568087036;0,381340381523104;0,13052905038986
2023-10-01;2023-11-01;"Baixa";"Baixa";0,512702380948407;0,375557587472469;0,111740031579124
2023-11-01;2023-12-01;"Baixa";"Moderada";0,463568983377902;0,383945788886423;0,152485227735675
2023-12-01;2024-01-01;"Moderada";"Moderada";0,148709126410403;0,561402187253842;0,289888686335755
2024-01-01;2024-02-01;"Moderada";"Alta";0,306152019893142;0,469232262525752;0,224615717581105
2024-02-01;2024-03-01;"Alta";"Baixa";0,137611019295652;0,288869780919929;0,573519199784419
2024-03-01;2024-04-01;"Baixa";"Moderada";0,600995329412079;0,341281998701576;0,0577226718863451
2024-04-01;2024-05-01;"Moderada";"Moderada";0,366623394182571;0,432986676949269;0,20038992886816
2024-05-01;2024-06-01;"Moderada";"Baixa";0,254758545307151;0,50308513983766;0,24215631485519
2024-06-01;2024-07-01;"Baixa";"Moderada";0,54941188529919;0,362143438566052;0,0884446761347573
2024-07-01;2024-08-01;"Moderada";"Baixa";0,367091707510487;0,433148820040622;0,199759472448891
2024-08-01;2024-09-01;"Baixa";"Moderada";0,746061572491643;0,242676282300683;0,011262145207674
2024-09-01;2024-10-01;"Moderada";"Moderada";0,280969784223251;0,487490275356274;0,231539940420475
2024-10-01;2024-11-01;"Moderada";"Moderada";0,150306945852123;0,564371066832504;0,285321987315372
2024-11-01;2024-12-01;"Moderada";"Moderada";0,351478989263096;0,442650566657635;0,205870444079269
2024-12-01;2025-01-01;"Moderada";"Baixa";0,186523931365692;0,542593594248478;0,27088247438583
2025-01-01;2025-02-01;"Baixa";"Alta";0,599861026803056;0,342672907637197;0,0574660655597471
2025-02-01;2025-03-01;"Alta";"Moderada";0,0844377664749372;0,146181371848195;0,769380861676868
2025-03-01;2025-04-01;"Moderada";"Moderada";0,147644699554092;0,559398799285988;0,29295650115992
2025-04-01;2025-05-01;"Moderada";"Baixa";0,288099798831458;0,475137125138388;0,236763076030154
2025-05-01;2025-06-01;"Baixa";"Baixa";0,487183649502233;0,382874404525956;0,129941945971811
2025-06-01;2025-07-01;"Baixa";"Baixa";0,510696024276431;0,378571015573829;0,11073296014974
2025-07-01;2025-08-01;"Baixa";"Baixa";0,486471266958972;0,384026286668848;0,129502446372179
2025-08-01;2025-09-01;"Baixa";"Moderada";0,794062712529781;0,201244254850468;0,0046930326197513
2025-09-01;2025-10-01;"Moderada";"Baixa";0,224357897139598;0,511598480495241;0,264043622365162
2025-10-01;2025-11-01;"Baixa";"Baixa";0,660215369524576;0,309225982572427;0,0305586479029966
2025-11-01;2025-12-01;"Baixa";"Moderada";0,576590557318108;0,356026742453191;0,0673827002287008
2025-12-01;2026-01-01;"Moderada";"Moderada";0,437305303556656;0,38033227991236;0,182362416530984
2026-01-01;2026-02-01;"Moderada";"Alta";0,437305303556656;0,38033227991236;0,182362416530984
2026-02-01;2026-03-01;"Alta";"Alta";0,172191547831878;0,320627938146416;0,507180514021706
2026-03-01;2026-04-01;"Alta";"Alta";0,14643292163174;0,261397926532777;0,592169151835482
