"data";"ipca_mensal";"ipca_log1p";"regime_hmm_log1p";"Baixa";"Moderada";"Alta"
1980-01-01;6,62;2,03077636969855;"Moderada";5,467988901092e-191;1;6,63977836268568e-76
1980-02-01;4,62;1,7263316639056;"Moderada";1,89911069322831e-08;0,999996279003068;3,70200582460922e-06
1980-03-01;6,04;1,95160817016995;"Moderada";2,40046133747413e-10;0,999987270912636;1,27288473179099e-05
1980-04-01;5,29;1,83896107071235;"Moderada";2,12686565065231e-09;0,999993324146779;6,67372635557482e-06
1980-05-01;5,7;1,90210752639692;"Moderada";6,25402203911043e-10;0,999990491790149;9,50758444875499e-06
1980-06-01;5,31;1,84213567655312;"Moderada";1,99984425487852e-09;0,999993213820086;6,78418007019094e-06
1980-07-01;5,55;1,87946504964716;"Moderada";9,69813622358123e-10;0,999991652574753;8,34645543354867e-06
1980-08-01;4,95;1,78339121955754;"Moderada";6,26625472859404e-09;0,999995049287452;4,94444629334727e-06
1980-09-01;4,23;1,65441127807683;"Moderada";7,71639049717654e-08;0,999997173872072;2,7489640228613e-06
1980-10-01;9,48;2,3494686788929;"Moderada";1,1499910396392e-13;0,9997940234992;0,000205976500685455
1980-11-01;6,67;2,03731661537916;"Moderada";4,58467901348368e-11;0,999977182641257;2,28173128959265e-05
1980-12-01;6,61;2,02946317187359;"Moderada";5,33535809062524e-11;0,999979165975343;2,08339713033097e-05
1981-01-01;6,84;2,05923883436232;"Moderada";3,0051590832574e-11;0,999974792426417;2,52075435310546e-05
1981-02-01;6,4;2,00148000021012;"Moderada";9,15631520669158e-11;0,999982622959915;1,7376948522022e-05
1981-03-01;4,97;1,78674692740451;"Moderada";5,8627306824625e-09;0,999994933460087;5,06067718221471e-06
1981-04-01;6,46;2,00955541421567;"Moderada";7,83500336592472e-11;0,999981788623489;1,82112981605393e-05
1981-05-01;5,56;1,880990602956;"Moderada";9,41435338313596e-10;0,999991551188645;8,44786991932053e-06
1981-06-01;5,52;1,87487437593856;"Moderada";1,05991138964297e-09;0,999991843959848;8,15498024092318e-06
1981-07-01;6,26;1,9823798288367;"Moderada";1,3239862814364e-10;0,999984620738584;1,53791290175396e-05
1981-08-01;5,5;1,87180217690159;"Moderada";1,12497305920601e-09;0,999991987897066;8,01097796058937e-06
1981-09-01;5,26;1,83418018511201;"Moderada";2,33382083719189e-09;0,999993509432071;6,48823410791988e-06
1981-10-01;5,08;1,80500469597808;"Moderada";4,11220907559454e-09;0,999994452610798;5,54327699296457e-06
1981-11-01;5,27;1,83577635464483;"Moderada";2,26259819552156e-09;0,999993447108749;6,55062865316326e-06
1981-12-01;5,93;1,93585981320181;"Moderada";3,25402514983445e-10;0,999988351383695;1,16482909021699e-05
1982-01-01;6,97;2,07568449280212;"Moderada";2,18916451462959e-11;0,999971942180125;2,80577979837281e-05
1982-02-01;6,64;2,03339760317843;"Moderada";4,94557845588336e-11;0,999978684704953;2,13152455912088e-05
1982-03-01;5,71;1,90359895098359;"Moderada";6,07548388034404e-10;0,999990366605907;9,63278654449008e-06
1982-04-01;5,89;1,93007108502557;"Moderada";3,63955247034516e-10;0,999988753469952;1,1246166092409e-05
1982-05-01;6,66;2,0360119837525;"Moderada";4,70237462477536e-11;0,999978299052356;2,17009006205109e-05
1982-06-01;7,1;2,09186406167839;"Moderada";1,60316165975792e-11;0,999968706238736;3,12937452323413e-05
1982-07-01;6,36;1,99605993274078;"Moderada";1,01652901227849e-10;0,999983151400529;1,68484978178729e-05
1982-08-01;5,97;1,94161522477243;"Moderada";2,91133036194265e-10;0,999987978598016;1,20211108508868e-05
1982-09-01;5,08;1,80500469597808;"Moderada";4,11438625926288e-09;0,999994449846241;5,54603937312022e-06
1982-10-01;4,44;1,69377906086785;"Moderada";3,58119218680768e-08;0,999996804409616;3,1597784623727e-06
1982-11-01;5,29;1,83896107071235;"Moderada";2,12803940353925e-09;0,999993265479923;6,73239203737146e-06
1982-12-01;7,81;2,17588743994809;"Moderada";3,18748841517706e-12;0,999943081618363;5,69183784495911e-05
1983-01-01;8,64;2,26592110862245;"Moderada";5,67295685751799e-13;0,999889919012458;0,000110080986974264
1983-02-01;7,86;2,18154676461699;"Moderada";2,85914839559667e-12;0,999940307072395;5,96929247460373e-05
1983-03-01;7,34;2,12106321637066;"Moderada";9,14037907744733e-12;0,999961494595215;3,85053956445366e-05
1983-04-01;6,58;2,02551319965428;"Moderada";5,75769238458259e-11;0,999979637147714;2,03627947089953e-05
1983-05-01;6,48;2,01223279198639;"Moderada";7,43731530616316e-11;0,999980154743618;1,98451820083581e-05
1983-06-01;9,88;2,3869262414278;"Moderada";5,61752040089024e-14;0,999700342713631;0,000299657286312859
1983-07-01;10,08;2,40514168131914;"Moderada";3,96886678152413e-14;0,999644472871512;0,000355527128448468
1983-08-01;9,11;2,31352503303238;"Moderada";2,28054144379315e-13;0,999818093313708;0,000181906686063658
1983-09-01;10,3;2,42480272571829;"Moderada";2,72915367074802e-14;0,999595539001194;0,000404460998778814
1983-10-01;8,87;2,28949985344539;"Moderada";3,61160868250583e-13;0,999858654774308;0,000141345225330414
1983-11-01;7,38;2,12584791449399;"Moderada";8,33537920884973e-12;0,99995855469477;4,14452968942303e-05
1983-12-01;8,68;2,27006190128849;"Moderada";5,23969884417213e-13;0,999881856219284;0,000118143780192122
1984-01-01;9,67;2,36743606531366;"Moderada";8,14776968628257e-14;0,999745213234627;0,000254786765291702
1984-02-01;9,5;2,35137525716348;"Moderada";1,10701817706364e-13;0,999772955973678;0,000227044026211779
1984-03-01;8,94;2,29656702066848;"Moderada";3,15491957067163e-13;0,99985023497751;0,00014976502217453
1984-04-01;9,54;2,35517754311322;"Moderada";1,02959455801692e-13;0,99977029681618;0,000229703183716717
1984-05-01;9,05;2,30757263450508;"Moderada";2,55584665303565e-13;0,999832602282804;0,000167397716940381
1984-06-01;10,08;2,40514168131914;"Moderada";3,9690049381988e-14;0,99964701119592;0,000352988804040067
1984-07-01;9,72;2,37211115564266;"Moderada";7,45045949457516e-14;0,999720750688563;0,000279249311362454
1984-08-01;9,35;2,33698651971138;"Moderada";1,45548680367748e-13;0,999748357705907;0,000251642293947767
1984-09-01;11,75;2,54553127160444;"Moderada";2,74659064665925e-15;0,998758888548461;0,00124111145153622
1984-10-01;10,44;2,43711598595165;"Moderada";2,15518902037159e-14;0,999396128518923;0,000603871481055449
1984-11-01;10,53;2,44495233428097;"Moderada";1,85559616325545e-14;0,999308555829498;0,000691444170483532
1984-12-01;11,98;2,56340971127594;"Moderada";1,95352986574912e-15;0,998199834699275;0,00180016530072287
1985-01-01;11,76;2,54631527791664;"Moderada";2,70135297087473e-15;0,998368665198231;0,00163133480176598
1985-02-01;10,87;2,47401420862158;"Moderada";1,06772539710735e-14;0,99917557757991;0,000824422420079378
1985-03-01;10,16;2,41233595695316;"Moderada";3,45885954822811e-14;0,999591299911256;0,000408700088709088
1985-04-01;8,2;2,21920348405499;"Moderada";1,38795026419553e-12;0,999916461791105;8,35382075073583e-05
1985-05-01;7,2;2,10413415427021;"Moderada";1,26575828284801e-11;0,999964798695959;3,52012913837764e-05
1985-06-01;8,49;2,25023861262184;"Moderada";7,65644075830344e-13;0,999891909059871;0,000108090939363312
1985-07-01;10,31;2,42568729012803;"Moderada";2,67904419586785e-14;0,999452612401526;0,000547387598447578
1985-08-01;12,05;2,5687881337687;"Moderada";1,76388551359449e-15;0,998102457833194;0,00189754216680388
1985-09-01;11,12;2,49485698064117;"Moderada";7,14768806160079e-15;0,998147515586489;0,00185248441350376
1985-10-01;10,62;2,45272775142377;"Moderada";1,5384992994909e-14;0,994659176591472;0,0053408234085123
1985-11-01;13,97;2,70604819843154;"Moderada";1,22967181103343e-16;0,960061721887865;0,0399382781121346
1985-12-01;15,07;2,77695417974942;"Moderada";3,20287782617795e-17;0,937460190008595;0,0625398099914045
1986-01-01;14,37;2,7324175575505;"Moderada";7,43829748398484e-17;0,948942490958074;0,0510575090419256
1986-02-01;12,72;2,61885462229774;"Moderada";2,75223967412265e-15;0,981292355699994;0,0187076443000037
1986-03-01;4,77;1,75267208052001;"Moderada";0,000188305308156034;0,999811694682916;8,92795034480641e-12
1986-04-01;0,78;0,576613364303994;"Baixa";0,999999605509224;3,94490775959501e-07;1,93841710786187e-17
1986-05-01;1,4;0,8754687373539;"Baixa";0,999999990487684;9,51231639350527e-09;1,15999686491861e-21
1986-06-01;1,27;0,819779831493311;"Baixa";0,99999999654941;3,45058980163935e-09;1,7088922872036e-20
1986-07-01;1,71;0,99694863489161;"Baixa";0,999993323027189;6,67697281046553e-06;1,24872006868304e-16
1986-08-01;3,55;1,51512723296286;"Baixa";0,996344418975965;0,00365558102227444;1,76085021173831e-12
1986-09-01;1,72;1,00063188030791;"Baixa";0,999310075316357;0,000689924438751549;2,44891025899066e-10
1986-10-01;1,9;1,06471073699243;"Baixa";0,992434528871157;0,0075654708475865;2,81256100014493e-10
1986-11-01;5,45;1,86408013080768;"Moderada";2,10806083042057e-05;0,999978366923392;5,52468303564144e-07
1986-12-01;11,65;2,53765721517353;"Moderada";3,54427233498479e-15;0,963345177972887;0,0366548220271098
1987-01-01;13,21;2,65394594210901;"Moderada";2,06971511709964e-16;0,810882774465389;0,189117225534611
1987-02-01;12,64;2,61300665241532;"Moderada";7,84218387926838e-17;0,588857785088051;0,411142214911949
1987-03-01;16,37;2,85474458025301;"Alta";3,6212499221338e-20;0,103107186077426;0,896892813922574
1987-04-01;19,1;3,00071981506503;"Alta";1,96775300427324e-22;0,00470407722018905;0,995295922779811
1987-05-01;21,45;3,11129061418826;"Alta";2,26415482620569e-23;0,000778638121992157;0,999221361878008
1987-06-01;19,71;3,03061667540749;"Alta";2,02128792438956e-22;0,0288692760963789;0,971130723903621
1987-07-01;9,21;2,32336763217657;"Moderada";5,45961659872339e-15;0,963362230902988;0,0366377690970069
1987-08-01;4,87;1,76985463384001;"Moderada";7,83475571501706e-09;0,999944231418963;5,57607462808144e-05
1987-09-01;7,78;2,17247640764703;"Moderada";3,10428576533529e-12;0,998835323976121;0,00116467602077451
1987-10-01;11,22;2,50307395374345;"Moderada";2,52964026265301e-15;0,9120054629492;0,087994537050797
1987-11-01;15,08;2,77757626375082;"Alta";6,46256418846326e-18;0,410867696887203;0,589132303112797
1987-12-01;14,15;2,71800053195538;"Alta";1,1785847425236e-18;0,190907684438727;0,809092315561273
1988-01-01;18,89;2,99021709286588;"Alta";1,7944169435925e-21;0,0115348500024761;0,988465149997524
1988-02-01;15,7;2,81540871942271;"Alta";4,50257708585109e-21;0,00429054502113259;0,995709454978867
1988-03-01;17,6;2,92316158071916;"Alta";3,57400610858867e-23;0,000831608778119167;0,999168391221881
1988-04-01;19,29;3,01012815383772;"Alta";1,45199277613443e-24;0,000212663344524977;0,999787336655475
1988-05-01;17,42;2,91343703082716;"Alta";5,07826339802256e-25;0,000488857082757176;0,999511142917243
1988-06-01;22;3,13549421592915;"Alta";1,76443162807837e-27;4,32541378097923e-05;0,99995674586219
1988-07-01;21,91;3,1315734964654;"Alta";2,05049826733328e-28;4,115552553098e-05;0,999958844474469
1988-08-01;21,59;3,11750733047991;"Alta";1,78428921035532e-29;4,79880199263425e-05;0,999952011980074
1988-09-01;27,45;3,34814816057234;"Alta";4,0211734997735e-32;2,87458085949019e-06;0,999997125419141
1988-10-01;25,62;3,28166281296697;"Alta";6,61577914926895e-33;6,57320524323756e-06;0,999993426794757
1988-11-01;27,94;3,36522472120334;"Alta";8,02128472034312e-34;2,28486743177213e-06;0,999997715132568
1988-12-01;28,7;3,39114704580865;"Alta";1,16743869293376e-34;1,63297970859009e-06;0,999998367020291
1989-01-01;37,49;3,65039846729565;"Alta";1,80746369354277e-33;1,5419317473536e-06;0,999998458068253
1989-02-01;16,78;2,87807423008576;"Alta";7,76877721123107e-24;0,133302344038941;0,866697655961059
1989-03-01;6,82;2,05668455455722;"Moderada";4,1324108825496e-12;0,974798965739311;0,0252010342565569
1989-04-01;8,33;2,23323501485925;"Moderada";7,67546339469674e-14;0,962109653637176;0,0378903463627469
1989-05-01;17,92;2,94021956362373;"Alta";4,59666105829254e-23;0,0727020397126932;0,927297960287307
1989-06-01;28,65;3,38946212544373;"Alta";6,33485740524383e-30;3,00173902665353e-05;0,999969982609733
1989-07-01;27,74;3,35828988065088;"Alta";5,67139871998724e-34;2,51046089286557e-06;0,999997489539107
1989-08-01;33,71;3,5470278298737;"Alta";2,74863225617761e-38;2,03500586290955e-07;0,999999796499414
1989-09-01;37,56;3,65221546974235;"Alta";3,33908881733518e-41;4,67003450217341e-08;0,999999953299655
1989-10-01;39,77;3,70794651683116;"Alta";8,40043186878714e-44;2,09572274873292e-08;0,999999979042772
1989-11-01;47,82;3,88814006496481;"Alta";3,09536555039216e-47;1,41798068763962e-09;0,999999998582019
1989-12-01;51,5;3,96081316959758;"Alta";2,29394861408018e-51;4,5778825761634e-10;0,999999999542212
1990-01-01;67,55;4,22756340600832;"Alta";1,08957348116378e-56;5,80036507168965e-12;0,9999999999942
1990-02-01;75,73;4,34029276618957;"Alta";3,38604828200524e-59;8,25705662428417e-13;0,999999999999174
1990-03-01;82,39;4,42352839809889;"Alta";5,55125647174123e-51;1,07159608011478e-11;0,999999999989284
1990-04-01;15,52;2,80457176809283;"Alta";2,17839525655208e-28;0,239289850944115;0,760710149055885
1990-05-01;7,59;2,15059873599616;"Moderada";1,20779373475205e-12;0,946267711433864;0,0537322885649277
1990-06-01;11,75;2,54553127160444;"Moderada";2,28212862578777e-15;0,92961725117563;0,0703827488243681
1990-07-01;12,92;2,63332665490627;"Moderada";3,50054748405247e-16;0,83864005390098;0,161359946099019
1990-08-01;12,88;2,63044895507866;"Moderada";2,0412667884345e-16;0,676099058037679;0,323900941962321
1990-09-01;14,41;2,73501664933202;"Alta";1,2764829231155e-17;0,373892618638273;0,626107381361727
1990-10-01;14,36;2,73176672771953;"Alta";1,93791493990697e-18;0,17000701635051;0,82999298364949
1990-11-01;16,81;2,87976009730157;"Alta";7,42166539386807e-21;0,0247518209148499;0,97524817908515
1990-12-01;18,44;2,96733279903229;"Alta";9,88612886391496e-23;0,00178582492067406;0,998214175079326
1991-01-01;20,75;3,07961375753469;"Alta";1,09145223026346e-23;0,000425757030023721;0,999574242969976
1991-02-01;20,72;3,07823349506573;"Alta";3,97234718367081e-23;0,0138449560992054;0,986155043900795
1991-03-01;11,92;2,55877649835446;"Moderada";2,96018943137499e-17;0,782650583784172;0,217349416215828
1991-04-01;4,99;1,79009141212736;"Moderada";4,29819606446479e-09;0,999711954708128;0,000288040993676054
1991-05-01;7,43;2,13179677201376;"Moderada";7,16382840951148e-12;0,999592096556206;0,000407903436630596
1991-06-01;11,19;2,50061594349318;"Moderada";4,8622940453034e-15;0,963532362088367;0,036467637911628
1991-07-01;12,41;2,59600069729359;"Moderada";2,34670860793695e-16;0,753685084304112;0,246314915695888
1991-08-01;15,63;2,81120829320484;"Alta";9,87698590803159e-19;0,222597962469934;0,777402037530066
1991-09-01;15,63;2,81120829320484;"Alta";2,2094239718072e-20;0,0554714260132633;0,944528573986737
1991-10-01;20,23;3,05541527571516;"Alta";4,3459800522054e-25;0,00133027933127068;0,998669720668729
1991-11-01;25,21;3,26614101733532;"Alta";3,5551989381604e-29;1,04716238706103e-05;0,999989528376129
1991-12-01;23,71;3,20720802000052;"Alta";5,93058778767592e-31;1,64332107126545e-05;0,999983566789287
1992-01-01;25,94;3,29361217098222;"Alta";1,41112623096591e-31;5,69371035178803e-06;0,999994306289648
1992-02-01;24,32;3,23159459727598;"Alta";1,44795066761904e-30;1,23423571968005e-05;0,999987657642803
1992-03-01;21,4;3,10906095886099;"Alta";2,77421008051927e-28;5,39650078295233e-05;0,99994603499217
1992-04-01;19,93;3,04118353645791;"Alta";7,76538285357363e-28;0,00011570504812581;0,999884294951874
1992-05-01;24,86;3,25269737334371;"Alta";2,82980342670134e-29;9,87484027210844e-06;0,999990125159728
1992-06-01;20,21;3,05447276857659;"Alta";4,21486590001599e-28;9,93084459773169e-05;0,999900691554023
1992-07-01;21,83;3,1280754605417;"Alta";3,95464858643086e-28;4,3311732097356e-05;0,999956688267903
1992-08-01;22,14;3,14156272176553;"Alta";3,35495535867622e-29;3,62848075368186e-05;0,999963715192463
1992-09-01;24,63;3,24376354037598;"Alta";9,32185071906521e-31;1,05966216468755e-05;0,999989403378353
1992-10-01;25,24;3,26728496407589;"Alta";5,01399205780728e-31;7,92332317881076e-06;0,999992076676821
1992-11-01;22,49;3,15657479867082;"Alta";2,90832022715124e-30;3,01235935899007e-05;0,99996987640641
1992-12-01;25,24;3,26728496407589;"Alta";3,81447690802654e-32;7,90526621572879e-06;0,999992094733784
1993-01-01;30,35;3,44521426707893;"Alta";4,22817637736753e-34;8,06152043778701e-07;0,999999193847956
1993-02-01;24,98;3,25732701124245;"Alta";5,33674378540455e-33;8,88456752361941e-06;0,999991115432476
1993-03-01;27,26;3,34144737725638;"Alta";3,46962547403726e-33;3,09987285213675e-06;0,999996900127148
1993-04-01;27,75;3,35863776724336;"Alta";7,26281489812713e-34;2,48503968537338e-06;0,999997514960315
1993-05-01;27,69;3,35654862999327;"Alta";2,2044270878337e-34;2,55114283348866e-06;0,999997448857166
1993-06-01;30,07;3,43624272340496;"Alta";1,40227402834875e-35;9,04803852328698e-07;0,999999095196148
1993-07-01;30,72;3,45694739676665;"Alta";1,0300842872049e-36;6,87403214763406e-07;0,999999312596785
1993-08-01;32,96;3,52518336144315;"Alta";3,05859491073808e-38;2,74270488023268e-07;0,999999725729512
1993-09-01;35,69;3,60250423836719;"Alta";2,01580897323128e-39;9,42386994800431e-08;0,9999999057613
1993-10-01;33,92;3,5530597309714;"Alta";1,8027795329847e-39;1,87201599527828e-07;0,9999998127984
1993-11-01;35,56;3,59895474658595;"Alta";5,03054649623992e-40;9,90327501470732e-08;0,99999990096725
1993-12-01;36,84;3,63336674418368;"Alta";1,74491648319399e-41;6,10267502581825e-08;0,99999993897325
1994-01-01;41,31;3,74502346473198;"Alta";4,01958627957907e-43;1,21963668114461e-08;0,999999987803633
1994-02-01;40,27;3,72013584376449;"Alta";7,71668898071096e-44;1,75531906811136e-08;0,999999982446809
1994-03-01;42,75;3,77849161280362;"Alta";1,66276587367543e-44;7,43919636075732e-09;0,999999992560804
1994-04-01;42,68;3,77689033143665;"Alta";4,71882194209618e-45;7,61816702756458e-09;0,999999992381833
1994-05-01;44,03;3,80732893431348;"Alta";1,37200722296212e-43;4,83822409060405e-09;0,999999995161776
1994-06-01;47,43;3,88011945641514;"Alta";2,05960372815743e-38;3,76562740841558e-07;0,999999623437259
1994-07-01;6,84;2,05923883436232;"Moderada";1,89979595725233e-13;0,999969268334173;3,07316656368388e-05
1994-08-01;1,86;1,05082162483176;"Baixa";0,994730583105763;0,0052694168887924;5,44491117223163e-12
1994-09-01;1,53;0,928219302739429;"Baixa";0,999994098302269;5,90169658853067e-06;1,14292649482273e-12
1994-10-01;2,62;1,28647402583768;"Baixa";0,999912125693132;8,78743054585518e-05;1,40960164611802e-12
1994-11-01;2,81;1,33762918913861;"Baixa";0,999855422375037;0,000144577624888499;7,47430553817738e-14
1994-12-01;1,71;0,99694863489161;"Baixa";0,999999632850756;3,6714924391937e-07;1,57854652620736e-16
1995-01-01;1,7;0,993251773010283;"Baixa";0,999999900263574;9,97364260539865e-08;1,11636286854171e-21
1995-02-01;1,02;0,703097511413113;"Baixa";0,999999999700842;2,9915845612258e-10;1,06758018747605e-22
1995-03-01;1,55;0,936093359170335;"Baixa";0,999999957293409;4,27065913113021e-08;1,86401389519019e-20
1995-04-01;2,43;1,23256026117785;"Baixa";0,999979449581314;2,05504186828826e-05;2,82085824225444e-15
1995-05-01;2,67;1,30019166206648;"Baixa";0,999943878443207;5,61215563249712e-05;4,68164088145936e-13
1995-06-01;2,26;1,18172719537862;"Baixa";0,999991128853574;8,8711461840083e-06;2,41947465830861e-13
1995-07-01;2,36;1,21194097397511;"Baixa";0,999991373452607;8,62654739278619e-06;2,07450122259666e-18
1995-08-01;0,99;0,688134638736401;"Baixa";0,999999999746922;2,53078274649664e-10;3,53845871673333e-23
1995-09-01;0,99;0,688134638736401;"Baixa";0,999999999779042;2,20957822206106e-10;4,82529339211243e-26
1995-10-01;1,41;0,879626747502564;"Baixa";0,999999989729215;1,02707849159681e-08;3,44839497486676e-24
1995-11-01;1,47;0,904218150639886;"Baixa";0,999999983203876;1,67961235807422e-08;5,47109083537264e-22
1995-12-01;1,56;0,940007258491471;"Baixa";0,999999965696535;3,43034646382327e-08;3,15157218378543e-22
1996-01-01;1,34;0,85015092936961;"Baixa";0,999999994301887;5,69811308844524e-09;5,69526481837653e-24
1996-02-01;1,03;0,708035793053696;"Baixa";0,999999999670392;3,29608230153533e-10;1,36121915295182e-29
1996-03-01;0,35;0,300104592450338;"Baixa";0,999999999999914;8,63045615396553e-14;1,00420756584696e-29
1996-04-01;1,26;0,815364813284195;"Baixa";0,999999997161601;2,83839872425198e-09;4,20835638210352e-29
1996-05-01;1,22;0,797507195884188;"Baixa";0,999999998015193;1,98480661599858e-09;7,30272731227918e-25
1996-06-01;1,19;0,783901543828409;"Baixa";0,999999998488975;1,51102498644272e-09;1,83237263225693e-25
1996-07-01;1,11;0,746687947487975;"Baixa";0,999999999283732;7,16267827863731e-10;2,92504078076656e-29
1996-08-01;0,44;0,364643113587909;"Baixa";0,99999999999968;3,20368316104081e-13;8,34153508073607e-35
1996-09-01;0,15;0,139761942375159;"Baixa";0,999999999999997;3,28100424592105e-15;7,60994167588984e-39
1996-10-01;0,3;0,262364264467491;"Baixa";0,99999999999996;4,00306936493609e-14;9,63736469011589e-40
1996-11-01;0,32;0,277631736598279;"Baixa";0,999999999999945;5,46260968993947e-14;1,38511620552515e-37
1996-12-01;0,47;0,385262400790645;"Baixa";0,999999999999513;4,86869918891852e-13;3,9311577101112e-33
1997-01-01;1,18;0,779324876800998;"Baixa";0,999999998621516;1,3784844312718e-09;4,19202627038712e-32
1997-02-01;0,5;0,405465108108164;"Baixa";0,999999999999266;7,33483012254884e-13;8,82953515779994e-32
1997-03-01;0,51;0,412109650826833;"Baixa";0,999999999999161;8,39251995286582e-13;4,46393990967739e-33
1997-04-01;0,88;0,631271776841858;"Baixa";0,999999999929648;7,03523154286734e-11;1,04894709632822e-33
1997-05-01;0,41;0,343589704390077;"Baixa";0,999999999999791;2,08902326278549e-13;2,10972299609325e-33
1997-06-01;0,54;0,431782416425538;"Baixa";0,99999999999875;1,25043704943009e-12;2,87504631879137e-37
1997-07-01;0,22;0,198850858745165;"Baixa";0,999999999999989;1,09671657969267e-14;2,6354672236124e-40
1997-08-01;-0,02;-0,0202027073175194;"Baixa";1;1,23754630732867e-16;2,49815507684805e-43
1997-09-01;0,06;0,0582689081239758;"Baixa";0,999999999999999;6,18996824653453e-16;2,27673226483109e-43
1997-10-01;0,23;0,207014169384326;"Baixa";0,999999999999987;1,29546572579928e-14;5,69788372464988e-42
1997-11-01;0,17;0,157003748809665;"Baixa";0,999999999999995;4,66689629381704e-15;2,90338793484351e-39
1997-12-01;0,43;0,357674444271816;"Baixa";0,999999999999722;2,78093127248244e-13;1,51285213238338e-36
1998-01-01;0,71;0,536493370514568;"Baixa";0,999999999989599;1,04005580431576e-11;1,10125035707162e-34
1998-02-01;0,46;0,378436435720245;"Baixa";0,999999999999576;4,23881703669407e-13;3,54435169906911e-35
1998-03-01;0,34;0,29266961396282;"Baixa";0,999999999999926;7,41850814859083e-14;6,06462538976988e-38
1998-04-01;0,24;0,215111379616945;"Baixa";0,999999999999985;1,52810897980385e-14;1,24182546160081e-37
1998-05-01;0,5;0,405465108108164;"Baixa";0,999999999999267;7,33465940719025e-13;3,28082233331774e-40
1998-06-01;0,02;0,0198026272961797;"Baixa";1;2,81309755076534e-16;7,24095200636804e-43
1998-07-01;-0,12;-0,127833371509885;"Baixa";1;1,35205318836163e-17;1,18903083284057e-52
1998-08-01;-0,51;-0,713349887877465;"Baixa";1;7,01840322917345e-23;1,1377374614324e-53
1998-09-01;-0,22;-0,2484613592985;"Baixa";1;1,12114084623478e-18;1,65741338690015e-53
1998-10-01;0,02;0,0198026272961797;"Baixa";1;2,81309751594802e-16;1,10681718373118e-48
1998-11-01;-0,12;-0,127833371509885;"Baixa";1;1,35205318981488e-17;1,0791220558401e-43
1998-12-01;0,33;0,285178942233662;"Baixa";0,999999999999936;6,36965301170766e-14;1,01932999792028e-39
1999-01-01;0,7;0,53062825106217;"Baixa";0,999999999990761;9,23857975643696e-12;2,13160447125458e-32
1999-02-01;1,05;0,717839793150317;"Baixa";0,999999999598667;4,0133314877982e-10;2,02844810584938e-28
1999-03-01;1,1;0,741937344729377;"Baixa";0,999999999348888;6,51112259911983e-10;3,57676750174876e-29
1999-04-01;0,56;0,444685821261446;"Baixa";0,999999999998376;1,62402766522014e-12;4,17837130862742e-33
1999-05-01;0,3;0,262364264467491;"Baixa";0,99999999999996;4,00306947117298e-14;5,76140095001936e-38
1999-06-01;0,19;0,173953307123438;"Baixa";0,999999999999993;6,59755995256398e-15;2,58194821017567e-35
1999-07-01;1,09;0,73716406597672;"Baixa";0,999999999408387;5,9161311114443e-10;5,33816603101177e-34
1999-08-01;0,56;0,444685821261446;"Baixa";0,999999999998376;1,62402603486813e-12;4,43781218897601e-33
1999-09-01;0,31;0,27002713721306;"Baixa";0,999999999999953;4,67921603688949e-14;1,51753748644766e-32
1999-10-01;1,19;0,783901543828409;"Baixa";0,99999999848904;1,5109598645887e-09;8,85679863600932e-31
1999-11-01;0,95;0,667829372575655;"Baixa";0,999999999853147;1,46853236365404e-10;5,06815288713739e-29
1999-12-01;0,6;0,470003629245736;"Baixa";0,999999999997289;2,71152013931538e-12;1,32978721167878e-31
2000-01-01;0,62;0,482426149244293;"Baixa";0,999999999996514;3,48644335694918e-12;2,04739058920179e-36
2000-02-01;0,13;0,122217632724249;"Baixa";0,999999999999998;2,29202773603107e-15;1,66376524951913e-38
2000-03-01;0,22;0,198850858745165;"Baixa";0,999999999999989;1,09671656105441e-14;9,41338845794497e-40
2000-04-01;0,42;0,350656871613169;"Baixa";0,999999999999759;2,41152508753749e-13;6,89357820356429e-41
2000-05-01;0,01;0,00995033085316808;"Baixa";1;2,29824803255952e-16;1,92729980161276e-40
2000-06-01;0,23;0,207014169384326;"Baixa";0,999999999999987;1,29656834213725e-14;2,28644680184841e-35
2000-07-01;1,61;0,959350221334602;"Baixa";0,999999949560916;5,04390839544463e-08;2,82753251055344e-28
2000-08-01;1,31;0,837247524533702;"Baixa";0,999999995597428;4,40257207115198e-09;2,52048367655982e-28
2000-09-01;0,23;0,207014169384326;"Baixa";0,999999999999987;1,29556196754675e-14;2,38324487250294e-35
2000-10-01;0,14;0,131028262406404;"Baixa";0,999999999999997;2,74451213505046e-15;3,59799178706497e-40
2000-11-01;0,32;0,277631736598279;"Baixa";0,999999999999945;5,46260986177881e-14;4,65846975083265e-38
2000-12-01;0,59;0,46373401623214;"Baixa";0,999999999997612;2,38835001329574e-12;2,32650330443174e-35
2001-01-01;0,57;0,451075619360217;"Baixa";0,999999999998152;1,84837931521225e-12;1,83264684066521e-34
2001-02-01;0,46;0,378436435720245;"Baixa";0,999999999999576;4,23881642931938e-13;1,14572591149822e-35
2001-03-01;0,38;0,322083499169113;"Baixa";0,999999999999865;1,34935445078359e-13;1,43434523061642e-35
2001-04-01;0,58;0,457424847038875;"Baixa";0,999999999997898;2,10196726954111e-12;5,75867007263168e-36
2001-05-01;0,41;0,343589704390077;"Baixa";0,999999999999791;2,08902084662175e-13;4,8367699813202e-35
2001-06-01;0,52;0,418710334858185;"Baixa";0,999999999999041;9,5949844173607e-13;1,06999731351235e-31
2001-07-01;1,33;0,845868267577609;"Baixa";0,999999994772877;5,22712339654077e-09;4,08653895107506e-30
2001-08-01;0,7;0,53062825106217;"Baixa";0,999999999990761;9,23933206999451e-12;1,2722678905955e-31
2001-09-01;0,28;0,246860077931526;"Baixa";0,999999999999971;2,91897246975697e-14;1,53115989449525e-33
2001-10-01;0,83;0,60431596685333;"Baixa";0,999999999959131;4,08694093388708e-11;1,06699833326704e-33
2001-11-01;0,71;0,536493370514568;"Baixa";0,999999999989599;1,0400565979569e-11;1,92935516164269e-31
2001-12-01;0,65;0,500775287912489;"Baixa";0,999999999994947;5,05315575651708e-12;4,67584869144247e-33
2002-01-01;0,52;0,418710334858185;"Baixa";0,999999999999041;9,59413896517103e-13;4,96529490955446e-35
2002-02-01;0,36;0,307484699747961;"Baixa";0,9999999999999;1,00277893513664e-13;3,19874214769144e-35
2002-03-01;0,6;0,470003629245736;"Baixa";0,999999999997289;2,71151460503883e-12;7,62750690327437e-34
2002-04-01;0,8;0,587786664902119;"Baixa";0,999999999970714;2,92860899137815e-11;6,38590799856021e-35
2002-05-01;0,21;0,19062035960865;"Baixa";0,999999999999991;9,27149743088826e-15;1,03761137072096e-35
2002-06-01;0,42;0,350656871613169;"Baixa";0,999999999999759;2,41158657328663e-13;3,83137958774852e-34
2002-07-01;1,19;0,783901543828409;"Baixa";0,999999998489044;1,51095625421206e-09;1,57071275253172e-31
2002-08-01;0,65;0,500775287912489;"Baixa";0,999999999994947;5,05328462452647e-12;8,28762503929793e-30
2002-09-01;0,72;0,542324290825362;"Baixa";0,999999999988295;1,17052506811439e-11;1,28971156300303e-28
2002-10-01;1,31;0,837247524533702;"Baixa";0,999999975604934;2,4395066087717e-08;1,21592656480113e-21
2002-11-01;3,02;1,39128190263093;"Baixa";0,999730591031519;0,000269408968480233;5,00119373315421e-16
2002-12-01;2,1;1,1314021114911;"Baixa";0,999991066322046;8,93367774562366e-06;2,08676149350229e-13
2003-01-01;2,25;1,17865499634165;"Baixa";0,999995499586785;4,50041321496742e-06;1,77306526430089e-16
2003-02-01;1,57;0,943905898907129;"Baixa";0,999999960121428;3,98785722775719e-08;3,49629618960532e-20
2003-03-01;1,23;0,802001585472027;"Baixa";0,99999999782684;2,17316033823989e-09;1,34255485168087e-24
2003-04-01;0,97;0,678033542749897;"Baixa";0,999999999819685;1,80315106058527e-10;1,01377272675455e-28
2003-05-01;0,61;0,476234178996372;"Baixa";0,999999999996924;3,07590641370596e-12;3,48947068356955e-37
2003-06-01;-0,15;-0,162518929497775;"Baixa";1;6,61394306075236e-18;8,17571972455205e-41
2003-07-01;0,2;0,182321556793955;"Baixa";0,999999999999992;7,8267488698531e-15;6,21265182742524e-43
2003-08-01;0,34;0,29266961396282;"Baixa";0,999999999999926;7,41851102097358e-14;1,71304601631686e-36
2003-09-01;0,78;0,576613364303994;"Baixa";0,999999999976623;2,33766701713677e-11;5,17873917071739e-36
2003-10-01;0,29;0,254642218373581;"Baixa";0,999999999999966;3,42046642149955e-14;8,10117806398704e-36
2003-11-01;0,34;0,29266961396282;"Baixa";0,999999999999926;7,41850821799971e-14;3,07253200891605e-37
2003-12-01;0,52;0,418710334858185;"Baixa";0,999999999999041;9,59414115587602e-13;1,35287618968783e-34
2004-01-01;0,76;0,56531380905006;"Baixa";0,999999999981389;1,86107686495185e-11;4,82969689779586e-33
2004-02-01;0,61;0,476234178996372;"Baixa";0,999999999996924;3,0758980458294e-12;2,65114916334161e-33
2004-03-01;0,47;0,385262400790645;"Baixa";0,999999999999513;4,86858619725611e-13;1,86895264385003e-35
2004-04-01;0,37;0,314810739840034;"Baixa";0,999999999999884;1,16387926229126e-13;5,75084598367457e-36
2004-05-01;0,51;0,412109650826833;"Baixa";0,999999999999161;8,39251137513459e-13;1,04716511540551e-34
2004-06-01;0,71;0,536493370514568;"Baixa";0,999999999989599;1,04005750501502e-11;7,58694628638216e-32
2004-07-01;0,91;0,647103242058539;"Baixa";0,999999999903234;9,67662554799559e-11;6,98433161688728e-31
2004-08-01;0,69;0,524728528934982;"Baixa";0,9999999999918;8,20041535178207e-12;4,58492834056497e-33
2004-09-01;0,33;0,285178942233662;"Baixa";0,999999999999936;6,36965293455363e-14;2,14385809557658e-35
2004-10-01;0,44;0,364643113587909;"Baixa";0,99999999999968;3,20364488621621e-13;1,85402279983701e-35
2004-11-01;0,69;0,524728528934982;"Baixa";0,9999999999918;8,20040984533196e-12;1,35160033978805e-32
2004-12-01;0,86;0,62057648772511;"Baixa";0,999999999943283;5,67167158272797e-11;8,34737776626434e-32
2005-01-01;0,58;0,457424847038875;"Baixa";0,999999999997898;2,10196935378321e-12;2,76733955026549e-32
2005-02-01;0,59;0,46373401623214;"Baixa";0,999999999997612;2,38835014528015e-12;1,48974194607497e-33
2005-03-01;0,61;0,476234178996372;"Baixa";0,999999999996924;3,07590045819076e-12;4,41558843712301e-32
2005-04-01;0,87;0,625938430866495;"Baixa";0,999999999936814;6,31863983114521e-11;1,06056471981301e-32
2005-05-01;0,49;0,398776119957368;"Baixa";0,99999999999936;6,40420610378665e-13;5,26187054703828e-37
2005-06-01;-0,02;-0,0202027073175194;"Baixa";1;1,23754632083653e-16;4,24220133964313e-40
2005-07-01;0,25;0,22314355131421;"Baixa";0,999999999999982;1,80007007600518e-14;1,52380849006902e-42
2005-08-01;0,17;0,157003748809665;"Baixa";0,999999999999995;4,66689627911041e-15;1,25195567389855e-39
2005-09-01;0,35;0,300104592450338;"Baixa";0,999999999999914;8,62999722082115e-14;8,30997465917021e-37
2005-10-01;0,75;0,559615787935423;"Baixa";0,999999999983411;1,65889735853238e-11;1,80179672581276e-34
2005-11-01;0,55;0,438254930931155;"Baixa";0,999999999998574;1,42565351098278e-12;2,36015600946767e-34
2005-12-01;0,36;0,307484699747961;"Baixa";0,9999999999999;1,00277893755767e-13;4,18671337136569e-35
2006-01-01;0,59;0,46373401623214;"Baixa";0,999999999997612;2,38834994906099e-12;4,82681177955919e-36
2006-02-01;0,41;0,343589704390077;"Baixa";0,999999999999791;2,08902083269672e-13;1,59284439243305e-35
2006-03-01;0,43;0,357674444271816;"Baixa";0,999999999999722;2,78093079443607e-13;6,03676303300841e-38
2006-04-01;0,21;0,19062035960865;"Baixa";0,999999999999991;9,27149285500725e-15;5,40000092950044e-40
2006-05-01;0,1;0,0953101798043249;"Baixa";0,999999999999999;1,32170088456795e-15;3,66669211620804e-45
2006-06-01;-0,21;-0,23572233352107;"Baixa";1;1,45894017339868e-18;8,98740184730036e-45
2006-07-01;0,19;0,173953307123438;"Baixa";0,999999999999993;6,59749408415723e-15;8,10737417474149e-46
2006-08-01;0,05;0,048790164169432;"Baixa";0,999999999999999;5,09713486254465e-16;7,36904124927133e-42
2006-09-01;0,21;0,19062035960865;"Baixa";0,999999999999991;9,27149282133745e-15;4,76993328272145e-41
2006-10-01;0,33;0,285178942233662;"Baixa";0,999999999999936;6,36965202472516e-14;3,54019756020731e-39
2006-11-01;0,31;0,27002713721306;"Baixa";0,999999999999953;4,6790966561905e-14;2,20064621791206e-37
2006-12-01;0,48;0,392042087776024;"Baixa";0,999999999999441;5,58651553070984e-13;8,88766089800441e-37
2007-01-01;0,44;0,364643113587909;"Baixa";0,99999999999968;3,20364448697857e-13;6,35256424337284e-36
2007-02-01;0,44;0,364643113587909;"Baixa";0,99999999999968;3,20364446306982e-13;1,32347572946668e-36
2007-03-01;0,37;0,314810739840034;"Baixa";0,999999999999884;1,16387924289206e-13;8,11653490305613e-38
2007-04-01;0,25;0,22314355131421;"Baixa";0,999999999999982;1,80007008028163e-14;8,96351463020094e-39
2007-05-01;0,28;0,246860077931526;"Baixa";0,999999999999971;2,91897000391445e-14;2,13059375760591e-39
2007-06-01;0,28;0,246860077931526;"Baixa";0,999999999999971;2,91897000378049e-14;1,80869593529026e-39
2007-07-01;0,24;0,215111379616945;"Baixa";0,999999999999985;1,52810897228455e-14;3,24337005472016e-38
2007-08-01;0,47;0,385262400790645;"Baixa";0,999999999999513;4,86858593670538e-13;4,43000686768636e-39
2007-09-01;0,18;0,165514438477573;"Baixa";0,999999999999994;5,55305075415512e-15;1,82772530858664e-38
2007-10-01;0,3;0,262364264467491;"Baixa";0,99999999999996;4,00306937051445e-14;4,02910985980781e-39
2007-11-01;0,38;0,322083499169113;"Baixa";0,999999999999865;1,34935473064517e-13;9,52261209950726e-36
2007-12-01;0,74;0,553885113226438;"Baixa";0,999999999985223;1,47767811784456e-11;2,20999851809679e-34
2008-01-01;0,54;0,431782416425538;"Baixa";0,99999999999875;1,2504373701017e-12;1,18754986085836e-33
2008-02-01;0,49;0,398776119957368;"Baixa";0,99999999999936;6,40419947086446e-13;4,70065158692902e-35
2008-03-01;0,48;0,392042087776024;"Baixa";0,999999999999441;5,58651569086644e-13;5,41327456928013e-35
2008-04-01;0,55;0,438254930931155;"Baixa";0,999999999998574;1,4256537525886e-12;2,07453125477954e-33
2008-05-01;0,79;0,582215619852664;"Baixa";0,999999999973826;2,61735702312535e-11;4,79777226393436e-32
2008-06-01;0,74;0,553885113226438;"Baixa";0,999999999985223;1,47767876326435e-11;3,75659640361752e-32
2008-07-01;0,53;0,425267735404344;"Baixa";0,999999999998904;1,09579084878749e-12;4,78451842283081e-35
2008-08-01;0,28;0,246860077931526;"Baixa";0,999999999999971;2,91897005660757e-14;9,40914295436235e-38
2008-09-01;0,26;0,231111720963387;"Baixa";0,999999999999979;2,11758471172809e-14;3,27961285491919e-38
2008-10-01;0,45;0,371563556432483;"Baixa";0,999999999999631;3,68689196935106e-13;8,57746909309384e-38
2008-11-01;0,36;0,307484699747961;"Baixa";0,9999999999999;1,00277887975203e-13;1,323278721576e-37
2008-12-01;0,28;0,246860077931526;"Baixa";0,999999999999971;2,91897003404639e-14;2,27157877254726e-37
2009-01-01;0,48;0,392042087776024;"Baixa";0,999999999999441;5,58651563324586e-13;2,4673152902748e-36
2009-02-01;0,55;0,438254930931155;"Baixa";0,999999999998574;1,42565312311389e-12;6,20352338865375e-37
2009-03-01;0,2;0,182321556793955;"Baixa";0,999999999999992;7,8267491221267e-15;1,00845076215548e-36
2009-04-01;0,48;0,392042087776024;"Baixa";0,999999999999441;5,58651554273205e-13;2,25925577925832e-37
2009-05-01;0,47;0,385262400790645;"Baixa";0,999999999999513;4,86858598912812e-13;2,92458751366873e-36
2009-06-01;0,36;0,307484699747961;"Baixa";0,9999999999999;1,00277888151627e-13;9,14783763446557e-38
2009-07-01;0,24;0,215111379616945;"Baixa";0,999999999999985;1,52810896164806e-14;7,50889444706293e-40
2009-08-01;0,15;0,139761942375159;"Baixa";0,999999999999997;3,28100422765952e-15;1,38563006657925e-40
2009-09-01;0,24;0,215111379616945;"Baixa";0,999999999999985;1,52810895981497e-14;2,18574983209137e-40
2009-10-01;0,28;0,246860077931526;"Baixa";0,999999999999971;2,91897001263244e-14;1,29443032720636e-38
2009-11-01;0,41;0,343589704390077;"Baixa";0,999999999999791;2,08902074383315e-13;8,14747216033762e-38
2009-12-01;0,37;0,314810739840034;"Baixa";0,999999999999884;1,16387956615532e-13;4,87752342533079e-35
2010-01-01;0,75;0,559615787935423;"Baixa";0,999999999983411;1,65889797385146e-11;3,98448292606375e-33
2010-02-01;0,78;0,576613364303994;"Baixa";0,999999999976623;2,33766770509238e-11;3,24823759880288e-32
2010-03-01;0,52;0,418710334858185;"Baixa";0,999999999999041;9,59414221469548e-13;4,23400168140688e-33
2010-04-01;0,57;0,451075619360217;"Baixa";0,999999999998152;1,8483792660958e-12;4,82983779240305e-35
2010-05-01;0,43;0,357674444271816;"Baixa";0,999999999999722;2,7809308709453e-13;1,07947390510231e-38
2010-06-01;0;0;"Baixa";1;1,87374018348172e-16;3,3215271234751e-42
2010-07-01;0,01;0,00995033085316808;"Baixa";1;2,29824802272787e-16;4,8384223310052e-45
2010-08-01;0,04;0,0392207131532813;"Baixa";1;4,18921230655817e-16;8,6492972526904e-42
2010-09-01;0,45;0,371563556432483;"Baixa";0,999999999999631;3,68689299389667e-13;2,80714837310857e-37
2010-10-01;0,75;0,559615787935423;"Baixa";0,999999999983411;1,65889847058986e-11;2,20668385682637e-32
2010-11-01;0,83;0,60431596685333;"Baixa";0,999999999959131;4,08694163097827e-11;2,30221384454535e-31
2010-12-01;0,63;0,488580014818671;"Baixa";0,999999999996051;3,9486540494303e-12;6,1918247113234e-31
2011-01-01;0,83;0,60431596685333;"Baixa";0,999999999959131;4,08694250663758e-11;4,0643183432071e-31
2011-02-01;0,8;0,587786664902119;"Baixa";0,999999999970714;2,92861217010845e-11;2,71720603935463e-30
2011-03-01;0,79;0,582215619852664;"Baixa";0,999999999973826;2,61735852252234e-11;1,39163436798735e-30
2011-04-01;0,77;0,570979546585738;"Baixa";0,999999999979135;2,08649691406988e-11;2,32945479600841e-32
2011-05-01;0,47;0,385262400790645;"Baixa";0,999999999999513;4,86858764942557e-13;3,5739047278236e-36
2011-06-01;0,15;0,139761942375159;"Baixa";0,999999999999997;3,28100425313936e-15;1,13135462206676e-39
2011-07-01;0,16;0,148420005118273;"Baixa";0,999999999999996;3,91613007698554e-15;2,64208588094672e-40
2011-08-01;0,37;0,314810739840034;"Baixa";0,999999999999884;1,16387925784473e-13;6,03978677737258e-38
2011-09-01;0,53;0,425267735404344;"Baixa";0,999999999998904;1,09579058230543e-12;3,59026646513856e-36
2011-10-01;0,43;0,357674444271816;"Baixa";0,999999999999722;2,78093088064217e-13;3,27676448080241e-35
2011-11-01;0,52;0,418710334858185;"Baixa";0,999999999999041;9,59413829461627e-13;1,99869868186009e-35
2011-12-01;0,5;0,405465108108164;"Baixa";0,999999999999267;7,33465972501145e-13;1,18915434151496e-34
2012-01-01;0,56;0,444685821261446;"Baixa";0,999999999998376;1,6240098509989e-12;4,33509305789093e-35
2012-02-01;0,45;0,371563556432483;"Baixa";0,999999999999631;3,68689206340869e-13;6,08207191903983e-37
2012-03-01;0,21;0,19062035960865;"Baixa";0,999999999999991;9,27149356809931e-15;2,42049757875714e-36
2012-04-01;0,64;0,494696241836107;"Baixa";0,999999999995531;4,46862341041968e-12;3,87601608076253e-37
2012-05-01;0,36;0,307484699747961;"Baixa";0,9999999999999;1,00277894865013e-13;4,98788671309773e-38
2012-06-01;0,08;0,0769610411361283;"Baixa";0,999999999999999;9,07781952988825e-16;5,48386764396453e-39
2012-07-01;0,43;0,357674444271816;"Baixa";0,999999999999722;2,78093079404359e-13;5,91066031285294e-39
2012-08-01;0,41;0,343589704390077;"Baixa";0,999999999999791;2,0890208136621e-13;1,23272580611384e-35
2012-09-01;0,57;0,451075619360217;"Baixa";0,999999999998152;1,84837930850693e-12;9,03185507024671e-35
2012-10-01;0,59;0,46373401623214;"Baixa";0,999999999997612;2,38835012037433e-12;1,1548230127781e-33
2012-11-01;0,6;0,470003629245736;"Baixa";0,999999999997289;2,71151456731676e-12;1,62359345524572e-32
2012-12-01;0,79;0,582215619852664;"Baixa";0,999999999973826;2,61735893226253e-11;3,50242375144974e-31
2013-01-01;0,86;0,62057648772511;"Baixa";0,999999999943283;5,67167336121777e-11;3,43687364446944e-31
2013-02-01;0,6;0,470003629245736;"Baixa";0,999999999997289;2,71151587782915e-12;7,1718318296251e-33
2013-03-01;0,47;0,385262400790645;"Baixa";0,999999999999513;4,86858627488301e-13;2,01810822727996e-34
2013-04-01;0,55;0,438254930931155;"Baixa";0,999999999998574;1,42565312399843e-12;8,03945842645023e-36
2013-05-01;0,37;0,314810739840034;"Baixa";0,999999999999884;1,16387926466217e-13;4,24904759192645e-37
2013-06-01;0,26;0,231111720963387;"Baixa";0,999999999999979;2,11758470168179e-14;1,21879681044725e-40
2013-07-01;0,03;0,0295588022415444;"Baixa";1;3,43629824523401e-16;2,7953395938988e-41
2013-08-01;0,24;0,215111379616945;"Baixa";0,999999999999985;1,52810896121188e-14;6,76807914393949e-41
2013-09-01;0,35;0,300104592450338;"Baixa";0,999999999999914;8,62999507573844e-14;3,03177834383109e-37
2013-10-01;0,57;0,451075619360217;"Baixa";0,999999999998152;1,84837926919089e-12;1,95348185277723e-35
2013-11-01;0,54;0,431782416425538;"Baixa";0,99999999999875;1,25043935192325e-12;2,49329205614867e-32
2013-12-01;0,92;0,65232518603969;"Baixa";0,999999999892508;1,07491693162869e-10;1,61946744588982e-32
2014-01-01;0,55;0,438254930931155;"Baixa";0,999999999998574;1,4256558927154e-12;1,25062421883738e-31
2014-02-01;0,69;0,524728528934982;"Baixa";0,9999999999918;8,20041702441286e-12;1,13994146763398e-31
2014-03-01;0,92;0,65232518603969;"Baixa";0,999999999892508;1,07491714877003e-10;4,80262918519212e-31
2014-04-01;0,67;0,512823626428664;"Baixa";0,999999999993553;6,44686002654667e-12;2,6929870966535e-32
2014-05-01;0,46;0,378436435720245;"Baixa";0,999999999999576;4,23881676151816e-13;5,35363065146756e-35
2014-06-01;0,4;0,336472236621213;"Baixa";0,999999999999819;1,80774252880413e-13;2,0471273906297e-39
2014-07-01;0,01;0,00995033085316808;"Baixa";1;2,29824803041321e-16;2,00580187896837e-40
2014-08-01;0,25;0,22314355131421;"Baixa";0,999999999999982;1,80007013201174e-14;1,12080163131524e-39
2014-09-01;0,57;0,451075619360217;"Baixa";0,999999999998152;1,84837923558044e-12;7,85809781140824e-37
2014-10-01;0,42;0,350656871613169;"Baixa";0,999999999999759;2,41152519645046e-13;4,24264333703477e-35
2014-11-01;0,51;0,412109650826833;"Baixa";0,999999999999161;8,39251323060518e-13;4,87687642945095e-34
2014-12-01;0,78;0,576613364303994;"Baixa";0,999999999976622;2,33776075005173e-11;4,06872827032395e-30
2015-01-01;1,24;0,806475865866949;"Baixa";0,999999997624557;2,37544341866839e-09;9,49668782314684e-27
2015-02-01;1,22;0,797507195884188;"Baixa";0,999999998015099;1,98490113367747e-09;1,93991362474852e-24
2015-03-01;1,32;0,841567185678219;"Baixa";0,999999995203796;4,79620424066384e-09;8,70687066486748e-27
2015-04-01;0,71;0,536493370514568;"Baixa";0,999999999989599;1,04014022683142e-11;6,62108106153952e-29
2015-05-01;0,74;0,553885113226438;"Baixa";0,999999999985223;1,4776789953008e-11;3,56581477113369e-31
2015-06-01;0,79;0,582215619852664;"Baixa";0,999999999973826;2,61735711414362e-11;1,1732982471442e-31
2015-07-01;0,62;0,482426149244293;"Baixa";0,999999999996514;3,48644473777991e-12;9,4563908947931e-35
2015-08-01;0,22;0,198850858745165;"Baixa";0,999999999999989;1,0967166442125e-14;7,42470517787511e-36
2015-09-01;0,54;0,431782416425538;"Baixa";0,99999999999875;1,25043781720678e-12;5,03650866718032e-35
2015-10-01;0,82;0,598836501088704;"Baixa";0,999999999963404;3,65955257100147e-11;1,06580464461502e-30
2015-11-01;1,01;0,698134722070984;"Baixa";0,99999999972989;2,70110218149044e-10;1,35134864869717e-28
2015-12-01;0,96;0,672944473242426;"Baixa";0,999999999837226;1,62774418364215e-10;1,14741617714833e-26
2016-01-01;1,27;0,819779831493311;"Baixa";0,99999999689929;3,10070965246136e-09;3,81284697440482e-27
2016-02-01;0,9;0,641853886172395;"Baixa";0,999999999912934;8,70659848343917e-11;6,36259323228693e-30
2016-03-01;0,43;0,357674444271816;"Baixa";0,999999999999722;2,78093501427392e-13;8,34703390291671e-33
2016-04-01;0,61;0,476234178996372;"Baixa";0,999999999996924;3,07589828236431e-12;1,90213134125196e-33
2016-05-01;0,78;0,576613364303994;"Baixa";0,999999999976623;2,33766713760031e-11;5,41757138788992e-34
2016-06-01;0,35;0,300104592450338;"Baixa";0,999999999999914;8,62999834833015e-14;2,40735798415998e-34
2016-07-01;0,52;0,418710334858185;"Baixa";0,999999999999041;9,59413819668598e-13;2,70914462363659e-36
2016-08-01;0,44;0,364643113587909;"Baixa";0,99999999999968;3,20364449137395e-13;3,09137191397211e-38
2016-09-01;0,08;0,0769610411361283;"Baixa";0,999999999999999;9,07781952424639e-16;1,33406405057753e-39
2016-10-01;0,26;0,231111720963387;"Baixa";0,999999999999979;2,11758469774146e-14;1,53619275111617e-41
2016-11-01;0,18;0,165514438477573;"Baixa";0,999999999999994;5,55305071051829e-15;7,94966586901183e-40
2016-12-01;0,3;0,262364264467491;"Baixa";0,99999999999996;4,00306937051445e-14;4,02910882771176e-39
2017-01-01;0,38;0,322083499169113;"Baixa";0,999999999999865;1,3493543956326e-13;4,10479960465526e-38
2017-02-01;0,33;0,285178942233662;"Baixa";0,999999999999936;6,36965203513761e-14;1,98212599165266e-38
2017-03-01;0,25;0,22314355131421;"Baixa";0,999999999999982;1,80007007787783e-14;4,61234346472428e-40
2017-04-01;0,14;0,131028262406404;"Baixa";0,999999999999997;2,74451213492124e-15;4,28206458734493e-40
2017-05-01;0,31;0,27002713721306;"Baixa";0,999999999999953;4,67909660726823e-14;1,45720890482244e-44
2017-06-01;-0,23;-0,261364764134408;"Baixa";1;8,58545169830889e-19;4,8793628433656e-43
2017-07-01;0,24;0,215111379616945;"Baixa";0,999999999999985;1,52810895914783e-14;1,29272512338043e-44
2017-08-01;0,19;0,173953307123438;"Baixa";0,999999999999993;6,59749408623754e-15;6,52421164611481e-41
2017-09-01;0,16;0,148420005118273;"Baixa";0,999999999999996;3,9161300854495e-15;1,10078626623166e-39
2017-10-01;0,42;0,350656871613169;"Baixa";0,999999999999759;2,41152508842903e-13;3,12636840941528e-39
2017-11-01;0,28;0,246860077931526;"Baixa";0,999999999999971;2,91897002924823e-14;3,13269200799353e-37
2017-12-01;0,44;0,364643113587909;"Baixa";0,99999999999968;3,20364444288611e-13;3,54387618995947e-38
2018-01-01;0,29;0,254642218373581;"Baixa";0,999999999999966;3,42046508959073e-14;8,17510658598837e-38
2018-02-01;0,32;0,277631736598279;"Baixa";0,999999999999945;5,46260964462436e-14;2,66506640297616e-40
2018-03-01;0,09;0,0861776962410523;"Baixa";0,999999999999999;1,09633359105004e-15;1,38396975693495e-40
2018-04-01;0,22;0,198850858745165;"Baixa";0,999999999999989;1,09671655991505e-14;3,37547132506547e-40
2018-05-01;0,4;0,336472236621213;"Baixa";0,999999999999819;1,80782909803496e-13;6,54118737942115e-34
2018-06-01;1,26;0,815364813284195;"Baixa";0,999999997161696;2,83830367406123e-09;2,82914000787012e-33
2018-07-01;0,33;0,285178942233662;"Baixa";0,999999999999936;6,369957093207e-14;6,24579764005812e-37
2018-08-01;-0,09;-0,0943106794712413;"Baixa";1;2,69657953562258e-17;3,74627706580129e-40
2018-09-01;0,48;0,392042087776024;"Baixa";0,999999999999441;5,58651553085697e-13;5,8946061611181e-40
2018-10-01;0,45;0,371563556432483;"Baixa";0,999999999999631;3,68689199655121e-13;3,29224151425559e-41
2018-11-01;-0,21;-0,23572233352107;"Baixa";1;1,45894018236122e-18;1,246778131307e-42
2018-12-01;0,15;0,139761942375159;"Baixa";0,999999999999997;3,2810042289919e-15;4,72907616276425e-44
2019-01-01;0,32;0,277631736598279;"Baixa";0,999999999999945;5,46260966730711e-14;6,48451117649738e-39
2019-02-01;0,43;0,357674444271816;"Baixa";0,999999999999722;2,78093156522981e-13;2,82443365999047e-35
2019-03-01;0,75;0,559615787935423;"Baixa";0,999999999983411;1,65889737573467e-11;7,52770605025891e-34
2019-04-01;0,57;0,451075619360217;"Baixa";0,999999999998152;1,84837974498729e-12;6,88296525528396e-36
2019-05-01;0,13;0,122217632724249;"Baixa";0,999999999999998;2,29202767226063e-15;1,8484305158488e-40
2019-06-01;0,01;0,00995033085316808;"Baixa";1;2,2982480230491e-16;9,32096546318314e-43
2019-07-01;0,19;0,173953307123438;"Baixa";0,999999999999993;6,59749408430299e-15;3,98547947776559e-43
2019-08-01;0,11;0,104360015324243;"Baixa";0,999999999999998;1,59062232069023e-15;1,69836541271895e-43
2019-09-01;-0,04;-0,0408219945202551;"Baixa";1;8,10190912168741e-17;5,44882267008681e-44
2019-10-01;0,1;0,0953101798043249;"Baixa";0,999999999999999;1,32170090308114e-15;1,84320726830919e-41
2019-11-01;0,51;0,412109650826833;"Baixa";0,999999999999161;8,39265774061178e-13;1,19369944836516e-34
2019-12-01;1,15;0,765467842139571;"Baixa";0,999999998955973;1,04402746287066e-09;6,88630909225606e-34
2020-01-01;0,21;0,19062035960865;"Baixa";0,999999999999991;9,27165615425392e-15;2,76103433819804e-35
2020-02-01;0,25;0,22314355131421;"Baixa";0,999999999999982;1,80007007616408e-14;1,83541041249705e-41
2020-03-01;0,07;0,0676586484738148;"Baixa";0,999999999999999;7,50300258919829e-16;2,66210189611063e-46
2020-04-01;-0,31;-0,371063681390832;"Baixa";1;8,84457395213281e-20;8,66668820261086e-52
2020-05-01;-0,38;-0,478035800943;"Baixa";1;9,57316768901082e-21;4,38063531991879e-50
2020-06-01;0,26;0,231111720963387;"Baixa";0,999999999999979;2,11758470109384e-14;2,92545464752239e-45
2020-07-01;0,36;0,307484699747961;"Baixa";0,9999999999999;1,00277887363626e-13;3,97883954928514e-39
2020-08-01;0,24;0,215111379616945;"Baixa";0,999999999999985;1,52810907679194e-14;1,02268851191678e-36
2020-09-01;0,64;0,494696241836107;"Baixa";0,999999999995531;4,46862768008901e-12;3,61323844234727e-34
2020-10-01;0,86;0,62057648772511;"Baixa";0,999999999943283;5,67167851757733e-11;1,6942846879634e-30
2020-11-01;0,89;0,636576829071551;"Baixa";0,999999999921707;7,82932067530484e-11;2,33768270181064e-27
2020-12-01;1,35;0,854415328156068;"Baixa";0,999999993798038;6,20196160371171e-09;7,75555624019762e-31
2021-01-01;0,25;0,22314355131421;"Baixa";0,999999999999982;1,80026018535583e-14;9,28072115810995e-31
2021-02-01;0,86;0,62057648772511;"Baixa";0,999999999943283;5,67168201996759e-11;1,0404122989199e-32
2021-03-01;0,93;0,657520002916794;"Baixa";0,999999999880661;1,19338909550149e-10;2,67330574658009e-32
2021-04-01;0,31;0,27002713721306;"Baixa";0,999999999999953;4,67910925670496e-14;3,01629538920864e-32
2021-05-01;0,83;0,60431596685333;"Baixa";0,999999999959131;4,08694029339651e-11;1,80205900857966e-34
2021-06-01;0,53;0,425267735404344;"Baixa";0,999999999998904;1,09579434041018e-12;7,37885155394872e-31
2021-07-01;0,96;0,672944473242426;"Baixa";0,999999999837235;1,62765336672504e-10;9,48595525137689e-31
2021-08-01;0,87;0,625938430866495;"Baixa";0,999999999936812;6,31877897201462e-11;1,00418721548495e-27
2021-09-01;1,16;0,770108221696074;"Baixa";0,999999998854083;1,14591701163029e-09;1,59625596634477e-26
2021-10-01;1,25;0,810930216216329;"Baixa";0,999999997402878;2,59712245826356e-09;3,77408613077572e-26
2021-11-01;0,95;0,667829372575655;"Baixa";0,999999999853144;1,46855953761672e-10;4,22590054594757e-28
2021-12-01;0,73;0,548121408509688;"Baixa";0,999999999986846;1,31535475472011e-11;2,15012353715833e-31
2022-01-01;0,54;0,431782416425538;"Baixa";0,99999999999875;1,25044302702088e-12;4,46260420700217e-31
2022-02-01;1,01;0,698134722070984;"Baixa";0,999999999729642;2,70357413697569e-10;1,54408960318576e-27
2022-03-01;1,62;0,963174317773006;"Baixa";0,999999945567871;5,44321293049802e-08;6,431587508111e-25
2022-04-01;1,06;0,72270598280149;"Baixa";0,999999999557056;4,42944128339682e-10;9,85794119509749e-28
2022-05-01;0,47;0,385262400790645;"Baixa";0,999999999999513;4,86862285472918e-13;1,49078447465854e-31
2022-06-01;0,67;0,512823626428664;"Baixa";0,999999999993553;6,44684833964975e-12;2,52579731632543e-48
2022-07-01;-0,68;-1,13943428318837;"Baixa";1;8,77754281648842e-27;3,20910842704397e-52
2022-08-01;-0,36;-0,446287102628419;"Baixa";1;1,85337306054399e-20;5,3183142992965e-62
2022-09-01;-0,29;-0,342490308946776;"Baixa";1;1,59989430036539e-19;8,34640713280556e-48
2022-10-01;0,59;0,46373401623214;"Baixa";0,999999999997612;2,38834994501958e-12;7,700988506966e-42
2022-11-01;0,41;0,343589704390077;"Baixa";0,999999999999791;2,08902094579497e-13;1,99694347673952e-34
2022-12-01;0,62;0,482426149244293;"Baixa";0,999999999996514;3,48644327404786e-12;7,54116971118967e-35
2023-01-01;0,53;0,425267735404344;"Baixa";0,999999999998904;1,09579148293048e-12;1,76405650669659e-32
2023-02-01;0,84;0,609765571620894;"Baixa";0,999999999954386;4,56143330904044e-11;4,45926689098226e-32
2023-03-01;0,71;0,536493370514568;"Baixa";0,999999999989599;1,04005664653061e-11;1,31076349371335e-31
2023-04-01;0,61;0,476234178996372;"Baixa";0,999999999996924;3,07589759508716e-12;3,94230238770825e-35
2023-05-01;0,23;0,207014169384326;"Baixa";0,999999999999987;1,29546579292469e-14;2,04863647776062e-40
2023-06-01;-0,08;-0,0833816089390511;"Baixa";1;3,37672752438933e-17;3,12988627986047e-43
2023-07-01;0,12;0,113328685307003;"Baixa";0,999999999999998;1,91098888766749e-15;1,62739733356225e-43
2023-08-01;0,23;0,207014169384326;"Baixa";0,999999999999987;1,29546572618841e-14;7,98171033694536e-41
2023-09-01;0,26;0,231111720963387;"Baixa";0,999999999999979;2,11758469851955e-14;6,0327145656616e-40
2023-10-01;0,24;0,215111379616945;"Baixa";0,999999999999985;1,52810896027641e-14;1,41069934343488e-39
2023-11-01;0,28;0,246860077931526;"Baixa";0,999999999999971;2,91897008233528e-14;1,00629329801953e-37
2023-12-01;0,56;0,444685821261446;"Baixa";0,999999999998376;1,62400982820358e-12;1,12844337188545e-36
2024-01-01;0,42;0,350656871613169;"Baixa";0,999999999999759;2,41152681627994e-13;1,81526631126713e-33
2024-02-01;0,83;0,60431596685333;"Baixa";0,999999999959131;4,0869402314992e-11;3,31914536119042e-36
2024-03-01;0,16;0,148420005118273;"Baixa";0,999999999999996;3,91613277875907e-15;3,81554452153513e-36
2024-04-01;0,38;0,322083499169113;"Baixa";0,999999999999865;1,34935440301159e-13;2,67229955541892e-38
2024-05-01;0,46;0,378436435720245;"Baixa";0,999999999999576;4,23881629777171e-13;5,74697476257438e-38
2024-06-01;0,21;0,19062035960865;"Baixa";0,999999999999991;9,27149289872028e-15;8,4031302570002e-38
2024-07-01;0,38;0,322083499169113;"Baixa";0,999999999999865;1,34935439348469e-13;1,84711641319344e-41
2024-08-01;-0,02;-0,0202027073175194;"Baixa";1;1,23754631659475e-16;1,59076824475526e-39
2024-09-01;0,44;0,364643113587909;"Baixa";0,99999999999968;3,2036445272596e-13;7,13368386491168e-39
2024-10-01;0,56;0,444685821261446;"Baixa";0,999999999998376;1,6240098338568e-12;8,0254421188186e-36
2024-11-01;0,39;0,3293037471426;"Baixa";0,999999999999844;1,56266762658225e-13;2,86680770571433e-35
2024-12-01;0,52;0,418710334858185;"Baixa";0,999999999999041;9,59413815678154e-13;5,99698732792553e-38
2025-01-01;0,16;0,148420005118273;"Baixa";0,999999999999996;3,91642081939892e-15;2,91994858153921e-33
2025-02-01;1,31;0,837247524533702;"Baixa";0,999999995601172;4,39882847138982e-09;2,45340233968444e-33
2025-03-01;0,56;0,444685821261446;"Baixa";0,999999999998376;1,62413037558559e-12;1,96103456967961e-31
2025-04-01;0,43;0,357674444271816;"Baixa";0,999999999999722;2,78093086140693e-13;1,07194714775929e-36
2025-05-01;0,26;0,231111720963387;"Baixa";0,999999999999979;2,1175847079938e-14;1,29502168774791e-38
2025-06-01;0,24;0,215111379616945;"Baixa";0,999999999999985;1,52810896006976e-14;1,0234004708211e-39
2025-07-01;0,26;0,231111720963387;"Baixa";0,999999999999979;2,11758469805725e-14;7,94647637430999e-43
2025-08-01;-0,11;-0,116533816255952;"Baixa";1;1,70642712765473e-17;8,59566127762142e-41
2025-09-01;0,48;0,392042087776024;"Baixa";0,999999999999441;5,58651549620315e-13;1,10920447971337e-42
2025-10-01;0,09;0,0861776962410523;"Baixa";0,999999999999999;1,09633360027441e-15;7,16645996079964e-40
2025-11-01;0,18;0,165514438477573;"Baixa";0,999999999999994;5,55305071085435e-15;6,54897603372385e-41
2025-12-01;0,33;0,285178942233662;"Baixa";0,999999999999936;6,36965202614258e-14;2,88644462507937e-39
2026-01-01;0,33;0,285178942233662;"Baixa";0,999999999999936;6,36965301854707e-14;4,80213439085315e-36
2026-02-01;0,7;0,53062825106217;"Baixa";0,999999999990762;9,23852815807554e-12;3,7366487817337e-33
2026-03-01;0,88;0,631271776841858;"Baixa";0,999999999929647;7,03526869393032e-11;1,68617510363881e-29
2026-04-01;0,67;0,512823626428664;"Baixa";0,999999999695251;3,04748944561021e-10;1,56115858226192e-21
